,user_id,filename,max_edit_distance
0,7,*.hpp,11
1,7,main.cpp,0
2,145,main.cpp,0
3,146,src\RSDL\rsdl.cpp,0
4,146,src\utils\calc.hpp,0
5,146,src\utils\calc.cpp,30
6,146,src\game_object.hpp,0
7,49,src/Battle.cpp,3108
8,146,src\utils\point_f.hpp,0
9,146,src\utils\rect_f.hpp,576
10,146,src\sprite.hpp,2394
11,143,instructor.hpp,181
12,146,src\button.cpp,2603
13,205,system.cpp,18778
14,146,src\consts.hpp,0
15,146,src\buttton.hpp,607
16,164,source/main.cpp,798
17,146,src\platform\platform.hpp,0
18,146,src\platform\platform_normal.cpp,6144
19,233,Major.hpp,104
20,146,src\platform\platform_moving.cpp,0
21,142,main.cpp,4
22,143,course.hpp,187
23,143,course.cpp,2
24,143,user.hpp,106
25,143,user.cpp,316
26,143,class_time.hpp,598
27,49,include/BaseScreen.hpp,17
28,143,instructor.cpp,1
29,242,src/Course.cpp,199
30,164,headers/system.hpp,958
31,143,class_time.cpp,737
32,191,src/global.hpp,190
33,167,utms.hpp,203
34,148,main.cpp,0
35,145,utils\include.hpp,42
36,145,server\route.cpp,277
37,145,server\server.hpp,145
38,145,utils\request.hpp,541
39,145,server\server.cpp,559
40,145,server\route.hpp,168
41,233,Major.cpp,91
42,145,utils\request.cpp,1054
43,233,view.cpp,8374
44,164,headers/global.hpp,423
45,191,main.cpp,122
46,49,src/Menu.cpp,59
47,189,include/professor.hpp,100
48,229,Core/UTMS.hpp,446
49,233,UTMS.hpp,204
50,191,user.cpp,321
51,164,headers/major.hpp,96
52,49,include/Sunflower.hpp,0
53,145,utils\strutils.hpp,0
54,164,headers/person.hpp,556
55,164,source/system.cpp,5221
56,229,main.cpp,853
57,242,src/main.cpp,930
58,249,src/users.cpp,2728
59,195,src\main.cpp,14928
60,164,source/person.cpp,580
61,49,include/SunFlower.hpp,21
62,233,main.cpp,1293
63,49,include/Menu.hpp,10
64,49,src/Sun.cpp,361
65,49,include/Sun.hpp,35
66,49,include/Battle.hpp,271
67,227,include/course.hpp,178
68,49,src/BaseScreen.cpp,41
69,49,src/PVZ.cpp,80
70,248,Major.cpp,80
71,191,system.hpp,133
72,49,include/Defs.hpp,1014
73,49,include/MelonPult.hpp,107
74,242,src/Major.cpp,128
75,167,header/notification.hpp,125
76,49,src/BaseZombie.cpp,416
77,164,headers/course.hpp,202
78,164,headers/post.hpp,234
79,164,source/course.cpp,920
80,164,source/major.cpp,59
81,167,src/notification.cpp,197
82,222,src/person.cpp,240
83,167,global_stuff.hpp,232
84,49,include/BaseZombie.hpp,57
85,164,source/global.cpp,807
86,49,include/Plant.hpp,63
87,252,include/professor.hpp,274
88,191,system.cpp,2337
89,191,src/errors.cpp,296
90,191,user.hpp,582
91,233,CSVReader.cpp,723
92,49,include/Card.hpp,38
93,49,include/utils.hpp,2348
94,49,src/main.cpp,617
95,49,include/PVZ.hpp,0
96,191,src/majors.cpp,25
97,191,src/system.cpp,5199
98,167,utms.cpp,1722
99,49,src/MelonPult.cpp,110
100,242,src/User.cpp,707
101,218,src/main.cpp,1243
102,49,src/Card.cpp,312
103,198,test/test2.cpp,503
104,49,src/Sunflower.cpp,98
105,189,src/user.cpp,178
106,242,src/Proffessor.cpp,125
107,218,includes/user.hpp,433
108,243,include\major.hpp,162
109,49,src/Plant.cpp,22
110,233,Post.cpp,360
111,49,include/PeaShooter.hpp,0
112,49,src/PeaShooter.cpp,27
113,49,src/SnowPea.cpp,38
114,49,include/SnowPea.hpp,0
115,191,majors.csv,0
116,191,professors.csv,0
117,49,src/Prof.cpp,408
118,198,1.cpp,51
119,169,Users.hpp,1042
120,243,src\main.cpp,220
121,222,main.cpp,1381
122,167,user.hpp,241
123,169,Include.hpp,732
124,248,person.hpp,146
125,233,BadRequest.cpp,35
126,191,src/courses.hpp,447
127,233,view.hpp,218
128,248,Person.cpp,697
129,191,src/main.cpp,164
130,191,src/system.hpp,275
131,233,Student.hpp,147
132,233,Empty.cpp,41
133,191,src/majors.hpp,95
134,248,main.cpp,26465
135,233,Error.hpp,185
136,191,src/courses.cpp,521
137,233,Error.cpp,643
138,233,Professor.hpp,169
139,222,person.hpp,63
140,233,premissionDenied.cpp,0
141,233,NotFound.cpp,45
142,233,Manager.hpp,113
143,191,src/errors.hpp,822
144,233,badRequest.cpp,83
145,233,User.hpp,118
146,233,badRequest.hpp,11
147,233,empty.hpp,0
148,233,notFound.hpp,0
149,233,NotFound.hpp,76
150,233,premissionDenied.hpp,0
151,233,PremissionDenied.hpp,0
152,233,PermissionDenied.hpp,60
153,233,PermissionDenied.cpp,54
154,198,test.cpp,1206
155,233,UTMS.cpp,1939
156,233,Course.hpp,195
157,167,gobal_stuff.hpp,0
158,233,CSVReader.hpp,73
159,222,person.cpp,64
160,233,Student.cpp,724
161,233,Professor.cpp,571
162,242,src/Command.cpp,1143
163,167,main.cpp,56
164,242,src/Exception.cpp,164
165,166,PRO6.cpp,570
166,227,src/main.cpp,1281
167,242,include/Exception.hpp,336
168,242,include/User.hpp,165
169,242,include/Proffesor.hpp,171
170,242,include/Student.hpp,119
171,242,include/Command.hpp,802
172,242,include/Major.hpp,198
173,167,student.cpp,334
174,242,src/Student.cpp,293
175,242,src/System.cpp,5448
176,167,student.hpp,181
177,242,include/System.hpp,740
178,222,src/main.cpp,1078
179,167,request.cpp,662
180,222,src/UTms.cpp,69
181,227,include/system.cpp,0
182,222,include/person.hpp,143
183,227,src/system.cpp,5941
184,222,include/UTms.hpp,58
185,242,include/Course.hpp,124
186,248,Major.hpp,33
187,222,src/utms.cpp,2046
188,222,src/course.cpp,512
189,167,request.hpp,219
190,248,Student.hpp,117
191,222,include/utms.hpp,142
192,249,src/main.cpp,5295
193,222,include/major.hpp,121
194,167,user.cpp,429
195,222,src/major.cpp,97
196,248,Student.cpp,320
197,273,src/main.cpp,395
198,261,src/outputFunctions.cpp,329
199,248,Course.cpp,252
200,273,include/Major.hpp,125
201,222,include/course.hpp,248
202,248,Professor.hpp,217
203,248,UTMS.hpp,791
204,273,src/Primary.cpp,1538
205,248,Professor.cpp,192
206,198,Notification.hpp,214
207,227,include/system.hpp,265
208,261,Headers/inputFunctions.hpp,15
209,273,src/Course.cpp,105
210,198,Notification.cpp,525
211,243,include\student.hpp,79
212,252,include/global.hpp,139
213,252,include/person.hpp,337
214,248,Courses.hpp,123
215,248,Course.hpp,208
216,242,include/Professor.hpp,358
217,242,src/Professor.cpp,1470
218,249,src/system.hpp,7216
219,252,src/person.cpp,660
220,261,Headers/outputFunctions.hpp,49
221,249,src/structs.hpp,2917
222,222,include/student.hpp,122
223,222,include/professor.hpp,159
224,222,src/professor.cpp,314
225,222,src/student.cpp,340
226,249,main.cpp,0
227,249,system.hpp,0
228,249,src/users.hpp,2749
229,249,src/system.cpp,5795
230,273,src/Major.cpp,34
231,261,src/inputFunctions.cpp,1182
232,273,src/Student.cpp,194
233,273,src/University.cpp,16802
234,261,src/main.cpp,569
235,261,Headers/majors.hpp,125
236,273,include/Student.hpp,142
237,273,include/Course.hpp,120
238,261,src/majors.cpp,914
239,261,Headers/students.hpp,340
240,164,source/post.cpp,99
241,261,Headers/subject.hpp,234
242,261,Headers/professors.hpp,273
243,233,User.cpp,406
244,273,include/People.hpp,312
245,273,src/People.cpp,2418
246,252,include/student.hpp,103
247,273,include/Professor.hpp,158
248,191,src/user.cpp,820
249,273,src/Professor.cpp,466
250,233,Manager.cpp,338
251,283,A.cpp,795
252,252,src/global.cpp,270
253,191,src/user.hpp,337
254,191,src/students.csv,234
255,273,include/University.hpp,1026
256,273,include/Entity.hpp,0
257,205,main.cpp,211
258,49,include/Admin.hpp,134
259,205,system.hpp,780
260,183,hpp\User.hpp,118
261,248,Post.hpp,67
262,49,src/UTMS.cpp,5509
263,222,src/input.cpp,702
264,218,main.cpp,6
265,183,cpp\Professor.cpp,671
266,248,Post.cpp,100
267,227,include/major.hpp,53
268,167,admin.hpp,17
269,227,include/person.hpp,113
270,189,src/main.cpp,413
271,218,includes/instructor.hpp,14
272,227,include/student.hpp,130
273,227,include/professor.hpp,105
274,227,src/person.cpp,15
275,227,src/student.cpp,218
276,248,UTMS.cpp,13121
277,167,professor.hpp,161
278,218,includes/student.hpp,418
279,227,src/professor.cpp,928
280,233,tesssssssssssssssssss.cpp,0
281,205,major.cpp,88
282,183,cpp\a6.cpp,208
283,233,Course.cpp,164
284,189,include/admin.hpp,44
285,198,utms.cpp,710
286,198,Lesson.hpp,107
287,198,Headers.hpp,368
288,183,cpp\Utms.cpp,787
289,227,src/major.cpp,65
290,198,System.hpp,408
291,198,System.cpp,5616
292,227,src/course.cpp,191
293,227,src/user.cpp,263
294,198,Student.hpp,141
295,198,Command.cpp,1214
296,181,main.cpp,3837
297,233,beingOfferedCourses.hpp,120
298,243,include\professor.hpp,132
299,49,include/UTMS.hpp,306
300,218,includes/consts.hpp,1961
301,189,include/user.hpp,96
302,233,beingOfferedCourses.cpp,390
303,218,includes/teacher.hpp,66
304,252,src/student.cpp,354
305,227,include/file_reader.hpp,641
306,227,src/file_reader.cpp,949
307,189,include/student.hpp,80
308,167,read_file.hpp,114
309,227,include/global_stuff.hpp,1004
310,240,user.hpp,275
311,167,read_file.cpp,598
312,189,src/professor.cpp,112
313,198,Major.cpp,43
314,183,hpp\include.hpp,528
315,198,Date.cpp,253
316,198,Post.cpp,707
317,218,includes/socialmedia.hpp,373
318,189,include/system.hpp,224
319,198,Presentation.cpp,520
320,283,src/majors.cpp,101
321,189,src/student.cpp,106
322,183,hpp\Utms.cpp,0
323,240,post.hpp,159
324,167,course.hpp,86
325,198,Course.cpp,241
326,240,notification.hpp,214
327,198,Major.hpp,62
328,189,include/file_reader.hpp,435
329,198,functions.cpp,361
330,233,Post.hpp,281
331,189,src/system.cpp,8718
332,167,course.cpp,194
333,49,include/User.hpp,282
334,49,include/Student.hpp,105
335,49,src/User.cpp,210
336,198,Student.cpp,538
337,183,hpp\Utms.hpp,178
338,49,src/Student.cpp,475
339,183,cpp\main.cpp,74
340,243,include\global.hpp,61
341,252,include/course.hpp,234
342,243,src\major.cpp,46
343,183,hpp\functions.hpp,190
344,183,cpp\functions.cpp,287
345,243,include\course.hpp,107
346,243,src\course.cpp,141
347,222,include/input.hpp,234
348,183,hpp\Student.hpp,92
349,183,hpp\Professor.hpp,155
350,183,cpp\Student.cpp,301
351,183,cpp\User.cpp,267
352,222,src/user.cpp,664
353,247,cpp/User.cpp,464
354,267,Persons.cpp,2874
355,283,include/utmc.hpp,236
356,243,include\csv_file.hpp,169
357,191,src/system1.cpp,1474
358,183,hpp\Course.hpp,506
359,218,includes/iomanager.hpp,636
360,205,person.cpp,2587
361,205,generalfunctions.hpp,221
362,243,src\csv_file.cpp,262
363,49,test.cpp,767
364,218,src/professor.cpp,786
365,218,includes/professor.hpp,282
366,218,includes/course.hpp,122
367,218,src/socialmedia.cpp,2716
368,218,src/course.cpp,255
369,205,person.hpp,552
370,218,src/iomanager.cpp,6237
371,267,Persons.hpp,399
372,240,course.hpp,120
373,247,cpp/utms.cpp,264
374,205,course.cpp,503
375,205,major.hpp,68
376,181,header/permission_error.hpp,254
377,191,src/commands.hpp,847
378,205,generalfunctions.cpp,888
379,191,src/commands.cpp,12149
380,222,include/require.hpp,628
381,273,include/Primary.hpp,191
382,205,course.hpp,505
383,240,includes.hpp,332
384,240,system.hpp,253
385,189,src/courses.cpp,184
386,273,include/Global.hpp,1320
387,189,include/global.hpp,239
388,247,hpp/Student.hpp,192
389,189,include/course.hpp,118
390,198,Person.hpp,150
391,166,userManger.cpp,491
392,189,src/major.cpp,90
393,283,include/majors.hpp,114
394,240,user.cpp,180
395,198,Person.cpp,457
396,198,Course.hpp,121
397,198,functions.hpp,56
398,240,system.cpp,2187
399,233,Date.cpp,278
400,227,include/course_offer.hpp,267
401,189,include/major.hpp,42
402,189,src/file_reader.cpp,107
403,240,main.cpp,138
404,227,src/course_offer.cpp,309
405,198,Professor.cpp,366
406,179,Orders.cpp,13571
407,198,Professor.hpp,184
408,240,utilities.cpp,624
409,240,major.hpp,55
410,198,Presentation.hpp,399
411,222,include/user.hpp,170
412,198,Admin.cpp,105
413,240,utilities.hpp,0
414,198,Admin.hpp,0
415,181,src/main.cpp,512
416,247,hpp/Professor.hpp,202
417,198,Command.hpp,113
418,166,user.cpp,756
419,181,header/includes.hpp,9492
420,247,hpp/User.hpp,185
421,181,includes.hpp,81
422,283,src/utmc.cpp,2595
423,160,A6.cpp,1080
424,191,src/post.hpp,310
425,229,Core/AppHandler.cpp,8371
426,273,src/Login.cpp,2293
427,160,class.hpp,287
428,227,src/IOhandler.cpp,764
429,267,main.cpp,3645
430,247,cpp/Student.cpp,457
431,283,src/A.cpp,1526
432,283,include/require.hpp,770
433,247,cpp/Professor.cpp,432
434,283,src/main.cpp,1180
435,166,main.cpp,25815
436,183,cpp\Method.cpp,166
437,247,hpp/App.hpp,179
438,183,cpp\Course.cpp,517
439,160,include.hpp,76
440,198,Error.hpp,12
441,198,Error.cpp,44
442,247,cpp/App.cpp,1115
443,259,src/user.cpp,838
444,159,cpp_files/main.cpp,78
445,259,hdr/utms.hpp,152
446,259,src/utms.cpp,445
447,247,hpp/include.hpp,295
448,259,src/main.cpp,40
449,259,src/data.cpp,381
450,191,src/post.cpp,180
451,227,include/user.hpp,244
452,184,src/System.cpp,13413
453,222,src/require.cpp,194
454,229,Core/UTMS.cpp,2578
455,218,includes/major.hpp,77
456,218,src/major.cpp,151
457,229,Courses/Course.hpp,98
458,229,Core/Setting.hpp,281
459,227,include/IOhandler.hpp,190
460,218,src/student.cpp,1348
461,184,src/Global.cpp,5127
462,227,src/admin.cpp,245
463,218,src/user.cpp,901
464,160,read_file.cpp,1188
465,183,hpp\Method.hpp,405
466,165,include\system.hpp,530
467,184,src/System.hpp,438
468,183,cpp\Post.cpp,92
469,184,src/main.cpp,362
470,165,src\main.cpp,84
471,229,Core/AppHandler.hpp,220
472,183,cpp\CommandHandler.cpp,2539
473,165,include\global.hpp,453
474,183,hpp\Post.hpp,132
475,249,src/1.cpp,7909
476,222,include/admin.hpp,85
477,222,src/admin.cpp,259
478,165,include\majors.hpp,22
479,240,offercourse.hpp,139
480,183,hpp\CommandHandler.hpp,344
481,165,include\students.hpp,66
482,165,src\read_files.cpp,2256
483,49,src/Admin.cpp,1023
484,184,src/Global.hpp,3021
485,165,include\courses.hpp,64
486,165,include\professors.hpp,34
487,165,src\majors.cpp,35
488,165,include\read_files.hpp,158
489,160,course.cpp,7
490,283,include/users.hpp,137
491,227,include/admin.hpp,56
492,165,src\courses.cpp,34
493,261,Headers/functions.hpp,163
494,164,source/system_extrafuncs.cpp,5013
495,204,src/main.cpp,43
496,165,src\students.cpp,22
497,159,cpp_files/file_reader.cpp,212
498,261,src/functions.cpp,486
499,165,src\system.cpp,4096
500,259,hdr/ut_account.hpp,125
501,160,read_file.hpp,164
502,160,class.cpp,316
503,273,src/GetCourse.cpp,1149
504,273,include/GetCourse.hpp,0
505,229,Users/Students/Student.cpp,321
506,159,cpp_files/System.cpp,1399
507,229,Users/User.hpp,228
508,49,include/Course.hpp,107
509,273,include/Login.hpp,394
510,229,Users/User.cpp,424
511,199,Teacher.cpp,218
512,198,Date.hpp,149
513,240,src/utilities.cpp,393
514,195,1.cpp,17169
515,198,Time.cpp,848
516,252,src/input.cpp,25753
517,229,Users/Students/Student.hpp,245
518,229,Users/Professors/Professor.hpp,145
519,229,SuperUser/SuperUser.hpp,0
520,240,src/system.cpp,3519
521,240,include/system.hpp,257
522,240,include/utilities.hpp,70
523,273,include/Logout.hpp,211
524,163,cpp file/system.cpp,463
525,189,test.cpp,1476
526,198,Time.hpp,113
527,283,src/useres.cpp,54
528,283,include/students.hpp,38
529,273,src/Logout.cpp,462
530,283,include/professors.hpp,100
531,195,src\global.hpp,254
532,160,main.cpp,32
533,283,src/students.cpp,676
534,283,src/professors.cpp,60
535,259,hdr/professor.hpp,388
536,259,hdr/student.hpp,269
537,259,hdr/read_data.hpp,8
538,160,user.hpp,347
539,160,student.cpp,101
540,269,main.cpp,4218
541,238,main.cpp,316
542,160,course.hpp,172
543,240,include/request.hpp,364
544,240,include/includes.hpp,248
545,160,post.hpp,92
546,240,request.cpp,3118
547,240,include/offercourse.hpp,69
548,160,student.hpp,0
549,160,user.cpp,0
550,160,professor.cpp,0
551,261,Headers/System.hpp,278
552,167,professor.cpp,47
553,240,src/main.cpp,770
554,259,src/ut_account.cpp,225
555,259,src/student.cpp,299
556,259,hdr/user.hpp,288
557,252,include/input.hpp,1077
558,252,src/main.cpp,1365
559,240,include/errors.hpp,20
560,222,src/post.cpp,311
561,283,include/exception.hpp,341
562,167,courseoffer.hpp,133
563,222,include/post.hpp,98
564,269,course.cpp,558
565,283,src/exception.cpp,258
566,259,src/professor.cpp,448
567,259,hdr/data.hpp,50
568,169,main.cpp,290
569,269,person.cpp,1371
570,160,system.cpp,174
571,163,hpp file/global.hpp,184
572,227,include/request.hpp,104
573,227,src/request.cpp,339
574,159,hpp_files/global.hpp,194
575,159,hpp_files/file_reader.hpp,81
576,259,src/read_data.cpp,8
577,181,header/utilities.hpp,478
578,240,include/major.hpp,0
579,160,system.hpp,191
580,273,src/Connect.cpp,1049
581,261,src/students.cpp,500
582,212,requarment.hpp,223
583,212,csvreader.hpp,67
584,222,include/notification.hpp,62
585,204,includes/csv_reader.hpp,117
586,181,header/all_error.hpp,651
587,283,src/users.cpp,644
588,169,read_from_file.cpp,0
589,204,include/gelobal.hpp,0
590,259,src/io.cpp,2637
591,267,Majors.hpp,131
592,169,System.hpp,234
593,269,person.hpp,154
594,242,include/Admin.hpp,246
595,242,src/CourseOffers.cpp,364
596,283,src/system.cpp,16328
597,283,include/system.hpp,521
598,269,application.cpp,5957
599,169,Users.cpp,3139
600,167,src/utms.cpp,4605
601,242,include/CourseOffers.hpp,176
602,267,Majors.cpp,52
603,240,include/user.hpp,467
604,240,src/user.cpp,9788
605,240,include/notification.hpp,61
606,181,header/major.hpp,37
607,181,header/system.hpp,547
608,240,include/course.hpp,48
609,259,hdr/major.hpp,141
610,181,src/system.cpp,2454
611,181,src/course.cpp,22
612,181,src/utilities.cpp,249
613,181,src/user.cpp,600
614,181,header/course.hpp,332
615,259,hdr/io.hpp,438
616,49,include/Prof.hpp,83
617,261,src/System.cpp,6521
618,160,command.hpp,102
619,181,src/lecture.cpp,669
620,261,Headers/courses.hpp,145
621,181,header/lecture.hpp,333
622,181,header/user.hpp,714
623,269,global.cpp,86
624,259,src/system.cpp,3002
625,259,hdr/system.hpp,512
626,240,src/request.cpp,4610
627,167,error.hpp,0
628,222,src/notification.cpp,199
629,269,global.hpp,2786
630,242,src/Admin.cpp,289
631,247,hpp/Handler.hpp,194
632,163,hpp file/system.hpp,257
633,273,src/SharePost.cpp,1241
634,167,header/error.hpp,38
635,167,header/global_stuff.hpp,1738
636,167,header/request.hpp,356
637,167,src/request.cpp,2605
638,273,include/Post.hpp,176
639,181,src/bad_req_error.cpp,13
640,247,cpp/Handler.cpp,2950
641,159,hpp_files/System.hpp,211
642,195,src\1.cpp,0
643,273,src/Post.cpp,52
644,269,application.hpp,249
645,181,src/handler.cpp,4897
646,181,header/handler.hpp,587
647,219,main.cpp,4282
648,259,hdr/course.hpp,418
649,184,src/Users.cpp,785
650,259,src/course.cpp,885
651,219,students.csv,89
652,181,src/permisson_error.cpp,8
653,181,src/system1.cpp,0
654,219,lessons.csv,8
655,181,header/system1.hpp,0
656,219,majors.csv,13
657,219,professors.csv,45
658,233,Time.hpp,301
659,233,Time.cpp,350
660,49,src/Course.cpp,399
661,181,header/empty_error.hpp,117
662,233,Date.hpp,84
663,167,src/user.cpp,231
664,167,header/user.hpp,163
665,184,src/Users.hpp,2423
666,181,header/bad_req_error.hpp,69
667,181,header/not_found_error.hpp,237
668,181,header/permision_error.hpp,3
669,181,src/permison_error.cpp,2
670,181,src/empty_error.cpp,20
671,167,header/utms.hpp,136
672,204,sources/main.cpp,189
673,181,src/not_found_error.cpp,10
674,154,Admin.cpp,118
675,179,Professor.hpp,145
676,154,UTMS.cpp,12346
677,179,Orders.hpp,264
678,154,UTMS.hpp,153
679,167,src/global_stuff.cpp,1446
680,204,sources/csv_reader.cpp,1751
681,204,includes/global.hpp,1051
682,154,User.hpp,252
683,242,include/functions.hpp,164
684,242,src/functions.cpp,1200
685,179,globalStuff.hpp,618
686,154,Admin.hpp,67
687,154,Professor.hpp,188
688,154,User.cpp,2342
689,248,Person.hpp,143
690,255,cpp/System.cpp,15707
691,154,Course.cpp,56
692,245,Post_method.cpp,9984
693,179,UTaccount.hpp,249
694,199,Student.hpp,494
695,179,UTMS.hpp,103
696,179,Student.hpp,144
697,179,Student.cpp,410
698,259,hdr/basic_data_functions.hpp,12
699,199,Student.cpp,374
700,259,src/errors.cpp,66
701,198,Post.hpp,363
702,238,students.hpp,158
703,245,exception.hpp,147
704,245,exception.cpp,148
705,273,src/PersonalPage.cpp,1016
706,238,courses.hpp,137
707,167,src/professor.cpp,533
708,240,include/messages.hpp,0
709,255,hpp/Global.hpp,780
710,212,users.cpp,432
711,245,Get_method.cpp,2053
712,245,SystemController.hpp,589
713,269,course.hpp,154
714,245,SystemController.cpp,399
715,245,arguments.hpp,251
716,269,classroom.hpp,191
717,245,Delete_method.cpp,184
718,245,method.hpp,136
719,245,commands.hpp,224
720,255,hpp/System.hpp,1042
721,245,Put_method.hpp,79
722,191,src/units.hpp,30
723,167,src/admin.cpp,235
724,191,src/units.cpp,78
725,212,users.hpp,819
726,259,src/basic_data_functions.cpp,63
727,167,src/student.cpp,921
728,238,global.hpp,355
729,259,hdr/errors.hpp,0
730,245,user.hpp,465
731,245,user.cpp,1002
732,163,cpp file/main.cpp,169
733,167,header/student.hpp,198
734,259,hdr/errors_and_outputs.hpp,374
735,167,header/professor.hpp,157
736,167,header/admin.hpp,95
737,259,src/errors_and_outputs.cpp,245
738,273,src/RemovePost.cpp,1737
739,199,Academic_person.cpp,816
740,245,Post_method.hpp,368
741,267,commands.hpp,316
742,245,Put_method.cpp,332
743,245,Get_method.hpp,139
744,238,professors.hpp,205
745,259,hdr/posts.hpp,56
746,167,header/post.hpp,218
747,167,src/post.cpp,998
748,160,header/iohandler.hpp,113
749,238,system.hpp,659
750,199,Academic_person.hpp,795
751,267,commands.cpp,527
752,199,Teacher.hpp,169
753,238,majors.hpp,158
754,154,globalStuff.hpp,1572
755,245,student.cpp,69
756,259,hdr/post.hpp,366
757,259,src/system_read_info.cpp,3334
758,199,main.cpp,519
759,219,system.cpp,5366
760,154,Course.hpp,61
761,219,general_functions.hpp,997
762,219,users.hpp,687
763,219,general_functions.cpp,1039
764,255,System.hpp,580
765,219,users.cpp,5555
766,219,system.hpp,291
767,165,include\person.hpp,1063
768,163,hpp file/students.hpp,73
769,245,messages.hpp,0
770,267,test.cpp,2135
771,160,header/student.hpp,258
772,160,header/system.hpp,183
773,160,src/system.cpp,1785
774,259,hdr/io_post.hpp,524
775,259,src/io_post.cpp,1505
776,160,src/main.cpp,153
777,160,src/read_file.cpp,2290
778,245,major.cpp,58
779,259,hdr/io_get.hpp,341
780,245,major.hpp,7
781,243,include\system.hpp,200
782,212,test.cpp,199
783,229,Users/Professors/Professor.cpp,349
784,269,time.hpp,153
785,259,hdr/io_delete.hpp,206
786,243,src\system.cpp,538
787,234,1.cpp,12928
788,229,Majors/Major.hpp,134
789,154,Professor.cpp,1217
790,181,src/student.cpp,672
791,229,Courses/Course.cpp,368
792,181,src/professor.cpp,827
793,247,cpp/Admin.cpp,426
794,181,header/student.hpp,400
795,181,header/professor.hpp,1102
796,229,Majors/Major.cpp,39
797,218,includes/offeredcourse.hpp,373
798,167,src/date.cpp,171
799,255,hpp/User.hpp,1642
800,259,hdr/post_and_notification.hpp,856
801,269,date.hpp,72
802,160,header/read_file.hpp,173
803,273,src/UTAccount.cpp,288
804,267,post.hpp,127
805,163,hpp file/member.hpp,210
806,269,classroom.cpp,145
807,218,includes/date_and_time.hpp,250
808,167,header/date.hpp,118
809,169,funcs.cpp,322
810,163,cpp file/test.cpp,317
811,267,files/majors.csv,6
812,259,src/post_and_notification.cpp,189
813,267,files/professors.csv,43
814,169,handler.hpp,15133
815,267,files/students.csv,38
816,167,header/courseoffer.hpp,161
817,167,header/course.hpp,52
818,163,test.cpp,1495
819,247,hpp/Date.hpp,67
820,167,header/time.hpp,199
821,247,hpp/Offered_cource.hpp,326
822,238,students.cpp,189
823,247,hpp/Admin.hpp,49
824,273,include/Interface.hpp,899
825,195,src\Professors.hpp,199
826,247,cpp/Offered_cource.cpp,317
827,255,cpp/User.cpp,1607
828,245,main.cpp,1682
829,229,Errors/Errors.cpp,227
830,195,src\Student.hpp,227
831,255,main.cpp,274
832,163,cpp file/studens.cpp,327
833,195,src\interface.hpp,6
834,273,src/CourseOffer.cpp,242
835,163,cpp file/professors.cpp,146
836,163,hpp file/user.hpp,50
837,259,hdr/io_types.hpp,112
838,167,src/courseoffer.cpp,279
839,269,date.cpp,156
840,247,hpp/Cource_time.hpp,79
841,273,Student.csv,64
842,160,src/iohandler.cpp,533
843,195,src\core.hpp,0
844,238,system.cpp,13460
845,245,professor.cpp,639
846,195,src\login_enum.hpp,0
847,245,SystemOperator.cpp,137
848,218,src/offeredcourse.cpp,900
849,167,src/course.cpp,232
850,247,cpp/Cource_time.cpp,361
851,164,source/errors.cpp,2330
852,247,cpp/Date.cpp,239
853,273,src/Interface.cpp,1269
854,169,system.hpp,382
855,255,hpp/Student.hpp,541
856,191,src/utilityfunctions.cpp,1159
857,191,src/utilityfunctions.hpp,343
858,269,time.cpp,260
859,229,Errors/Errors.hpp,499
860,163,hpp file/professors.hpp,118
861,160,src/handler.cpp,8104
862,255,cpp/Student.cpp,1741
863,205,test.cpp,492
864,160,header/handler.hpp,1006
865,255,hpp/Professor.hpp,333
866,163,cpp file/member.cpp,77
867,166,course.cpp,842
868,166,post.cpp,20
869,255,cpp/Professor.cpp,943
870,166,notification.cpp,20
871,166,student.cpp,0
872,245,class_time.hpp,62
873,160,src/a.cpp,0
874,166,System.cpp,2693
875,259,hdr/io_put.hpp,250
876,75,main.cpp,0
877,166,command.cpp,20
878,245,class_time.cpp,170
879,234,2.cpp,21
880,245,course.cpp,2650
881,245,course.hpp,883
882,218,includes/post.hpp,99
883,255,Global.hpp,269
884,218,src/post.cpp,115
885,273,include/Time.hpp,568
886,183,hpp\Admin.hpp,49
887,259,src/io_put.cpp,523
888,281,src/student.cpp,622
889,283,include/courses.hpp,44
890,283,src/courses.cpp,213
891,229,Exceptions/Exceptions.hpp,0
892,77,phase1/Inc/UTMS.hpp,252
893,229,Exceptions/Errors.hpp,0
894,167,src/time.cpp,243
895,77,phase1/Inc/User.hpp,78
896,159,hpp_files/user.hpp,366
897,259,hdr/io_request.hpp,625
898,229,Users/SuperUsers/SuperUser.cpp,119
899,77,phase1/Src/main.cpp,298
900,255,User.hpp,131
901,273,include/CourseOffer.hpp,253
902,160,header/admin.hpp,162
903,183,cpp\Admin.cpp,155
904,167,src/read_file.cpp,88
905,255,System.cpp,1088
906,259,hdr/global.hpp,124
907,204,includes/user.hpp,471
908,273,src/UT_Account.cpp,44
909,284,major.hpp,51
910,284,user.cpp,1331
911,269,post.cpp,148
912,284,system.cpp,2632
913,284,user.hpp,387
914,284,major.cpp,679
915,284,main.cpp,1036
916,255,Student.cpp,0
917,284,subject.cpp,1079
918,150,include/system.hpp,228
919,273,include/UT_Account.hpp,154
920,255,Professor.cpp,0
921,163,main.cpp,160
922,163,system.cpp,144
923,160,header/course.hpp,69
924,259,src/system_post.cpp,562
925,163,system.hpp,76
926,249,src/interface.hpp,6404
927,259,src/io_get.cpp,1633
928,259,src/io_delete.cpp,645
929,248,Course_offer.hpp,151
930,204,sources/instruction_handler.cpp,1780
931,273,include/UTAccount.hpp,66
932,248,Notification.hpp,132
933,204,sources/user.cpp,300
934,273,src/ShareCourseOffer.cpp,2431
935,273,include/ShareCourseOffer.hpp,1260
936,248,Notification.cpp,102
937,269,post.hpp,128
938,204,includes/instruction_handler.hpp,284
939,248,Notifocation.hpp,26
940,252,src/post.cpp,139
941,77,phase1/Inc/Globals.hpp,540
942,227,src/time.cpp,366
943,179,Course.hpp,78
944,227,include/time.hpp,88
945,227,src/date.cpp,215
946,163,global.hpp,0
947,227,include/date.hpp,133
948,281,include/utMember.hpp,339
949,269,student.hpp,145
950,234,university_system.hpp,1084
951,160,src/user.cpp,409
952,245,test.cpp,319
953,189,src/admin.cpp,79
954,245,student.hpp,186
955,273,src/Time.cpp,193
956,181,src/default_user.cpp,1595
957,227,include/tokenizer.hpp,88
958,227,src/tokenizer.cpp,853
959,245,date.cpp,375
960,273,src/Date.cpp,382
961,160,src/post.cpp,127
962,273,include/Date.hpp,50
963,245,date.hpp,28
964,269,professor.hpp,159
965,150,include/user.hpp,350
966,160,header/post.hpp,141
967,160,header/user.hpp,736
968,163,hpp/member.hpp,197
969,181,header/default_user.hpp,147
970,163,cpp/main.cpp,33
971,163,cpp/students.cpp,249
972,163,cpp/professors.cpp,189
973,163,cpp/system.cpp,6294
974,255,cpp/main.cpp,728
975,163,hpp/system.hpp,441
976,255,test.cpp,385
977,150,include/general.hpp,241
978,269,student.cpp,652
979,247,hpp/Offered_course.hpp,102
980,247,hpp/Course_time.hpp,5
981,281,include/student.hpp,649
982,247,cpp/Offered_course.cpp,385
983,212,csvreader.cpp,649
984,269,professor.cpp,1377
985,160,header/professor.hpp,366
986,259,src/io_request.cpp,2971
987,160,src/student.cpp,664
988,164,headers/interface.hpp,68
989,160,header/include.hpp,440
990,164,source/inteface.cpp,576
991,247,cpp/Course_time.cpp,53
992,249,src/interface.cpp,9597
993,154,Student.hpp,113
994,154,Student.cpp,745
995,281,src/main.cpp,557
996,281,include/pushinAll.hpp,297
997,245,CommandOperator.cpp,60
998,269,manager.cpp,454
999,267,courses.cpp,532
1000,281,include/Login.hpp,1252
1001,269,manager.hpp,93
1002,284,subject.hpp,232
1003,150,include/io.hpp,248
1004,150,src/io.cpp,544
1005,245,SystemOperator.hpp,27
1006,245,professor.hpp,0
1007,267,system..hpp,908
1008,269,major.hpp,31
1009,150,src/main.cpp,2911
1010,248,Course_offer.cpp,357
1011,245,Delete_method.hpp,144
1012,248,UT_account.cpp,28
1013,195,src\extract_majors_csv.hpp,321
1014,223,includes/post.hpp,698
1015,248,UT_account.hpp,113
1016,284,system.hpp,2090
1017,189,src/post.cpp,156
1018,160,src/admin.cpp,106
1019,150,src/system.cpp,7844
1020,189,include/post.hpp,113
1021,223,src/lesson.cpp,334
1022,223,src/website.cpp,1435
1023,150,src/professor.cpp,509
1024,189,include/notification.hpp,58
1025,189,src/notification.cpp,108
1026,223,src/post.cpp,6693
1027,223,includes/lesson.hpp,177
1028,150,src/user.cpp,395
1029,150,src/student.cpp,307
1030,223,includes/consts.hpp,504
1031,150,include/student.hpp,335
1032,150,include/person.hpp,190
1033,150,include/professor.hpp,199
1034,150,src/person.cpp,1031
1035,240,include/date.hpp,184
1036,223,src/user.cpp,3334
1037,273,src/runGetPost.cpp,701
1038,195,src\Uniperson.hpp,2870
1039,150,include/major.hpp,158
1040,166,final_faz1.cpp,11342
1041,267,courses.hpp,431
1042,150,src/major.cpp,112
1043,245,method.cpp,263
1044,189,src/course_offering.cpp,148
1045,281,include/prof.hpp,621
1046,159,cpp_files/user.cpp,269
1047,281,src/major.cpp,0
1048,273,src/PutCourse.cpp,786
1049,267,files/courses.csv,65
1050,162,main.cpp,9356
1051,150,include/post.hpp,263
1052,195,src\string_to_int.cpp,25
1053,150,include/course.hpp,204
1054,150,src/course.cpp,298
1055,273,src/GetMyCourse.cpp,567
1056,284,iohandler.hpp,722
1057,252,include/post.hpp,152
1058,273,src/DeleteCourse.cpp,1063
1059,267,system.cpp,16592
1060,281,include/utMember.cpp,0
1061,154,main.cpp,244
1062,212,main.cpp,6193
1063,281,src/utMember.cpp,174
1064,195,src\Majors.hpp,1
1065,150,src/post.cpp,183
1066,195,src\Course.hpp,492
1067,195,src\string_to_int.hpp,2
1068,229,Users/SuperUsers/SuperUser.hpp,56
1069,195,src\Professor.hpp,544
1070,195,src\Courses.hpp,50
1071,281,include/major.hpp,77
1072,281,include/Global.hpp,62
1073,281,include/pushinPr.hpp,143
1074,199,handle_input.hpp,434
1075,281,src/prof.cpp,548
1076,281,include/ut.hpp,960
1077,191,src/majors.csv,17
1078,281,include/pushinSt.hpp,147
1079,245,time.hpp,125
1080,191,src/courses.csv,78
1081,245,time.cpp,0
1082,281,include/pushinmaj.hpp,186
1083,281,include/PostSt.hpp,203
1084,233,test.cpp,427
1085,281,include/major.cpp,0
1086,195,src\Major.hpp,127
1087,181,header/post_requests.hpp,540
1088,181,src/post_requests.cpp,145
1089,281,include/command.hpp,707
1090,273,Professor.csv,130
1091,273,Course.csv,78
1092,273,Major.csv,16
1093,223,includes/user.hpp,467
1094,281,src/course.cpp,309
1095,165,src\get.cpp,2753
1096,259,src/system_get.cpp,608
1097,77,phase1/Inc/Student.hpp,190
1098,222,test.cpp,53
1099,77,phase1/Src/UTMS.cpp,0
1100,284,iohandler.cpp,9380
1101,199,System.hpp,877
1102,195,src\UtAccount.hpp,532
1103,77,phase1/Src/Professor.cpp,124
1104,223,includes/get.hpp,951
1105,252,include/course_offer.hpp,323
1106,77,phase1/Src/User.cpp,73
1107,195,src\extract_majors_csv.cpp,46
1108,238,user.hpp,355
1109,77,phase1/Src/Student.cpp,144
1110,77,phase1/Inc/Professor.hpp,95
1111,181,header/post.hpp,168
1112,229,Core/Date.cpp,631
1113,218,includes/admin.hpp,85
1114,195,src\extract_students_csv.hpp,0
1115,223,includes/method.hpp,294
1116,229,Courses/OfferedCourse.hpp,293
1117,252,include/ut_admin.hpp,198
1118,195,src\extract_courses_csv.cpp,42
1119,195,src\extract_courses_csv.hpp,71
1120,250,.cache/user.hpp,0
1121,281,include/commandVec.hpp,324
1122,150,include/ut_account.hpp,202
1123,223,src/get.cpp,3281
1124,250,Major.cpp,0
1125,223,src/method.cpp,761
1126,195,src\extract_professors_csv.cpp,0
1127,195,src\extract_professors_csv.hpp,44
1128,261,Headers/exeption.hpp,32
1129,252,src/course_offer.cpp,333
1130,261,Headers/exception.hpp,1
1131,189,include/time.hpp,166
1132,250,headers/Professor.hpp,218
1133,250,System.hpp,123
1134,250,headers/Major.hpp,171
1135,261,Headers/POST_logic.hpp,19
1136,261,src/post_logic.cpp,2152
1137,77,phase1/Src/Database.cpp,2957
1138,261,Headers/post.hpp,51
1139,189,src/time.cpp,867
1140,159,cpp_files/command.cpp,463
1141,189,include/course_offering.hpp,274
1142,77,phase1/Inc/UTMSCommandHandler.hpp,166
1143,77,phase1/Inc/UTMSData.hpp,8
1144,189,include/class.hpp,3
1145,77,phase1/Inc/Database.hpp,195
1146,261,src/post.cpp,2527
1147,261,src/courses.cpp,302
1148,255,User.cpp,85
1149,250,headers/User.hpp,435
1150,150,src/ut_account.cpp,73
1151,199,Exception.cpp,87
1152,250,cppFiles/Student.cpp,474
1153,229,Core/Post.hpp,152
1154,195,src\NotFound.hpp,8
1155,238,professors.cpp,194
1156,229,Core/Time.hpp,306
1157,159,hpp_files/command.hpp,183
1158,259,src/major.cpp,237
1159,160,src/professor.cpp,319
1160,229,Courses/OfferedCourse.cpp,528
1161,229,Core/Date.hpp,82
1162,250,cppFiles/main.cpp,1259
1163,199,Posts.cpp,135
1164,229,Core/Time.cpp,206
1165,223,includes/put.hpp,32
1166,199,Exception.hpp,172
1167,250,cppFiles/Course.cpp,759
1168,238,user.cpp,634
1169,160,header/course_offer.hpp,290
1170,191,src/professors.csv,130
1171,250,.cache/main.cpp,0
1172,250,User.cpp,1
1173,250,user.hpp,25
1174,250,Professor.hpp,56
1175,250,user.cpp,0
1176,250,student.hpp,16
1177,250,student.cpp,3
1178,250,Student.hpp,34
1179,250,Student.cpp,11
1180,250,User.hpp,0
1181,250,Professor.cpp,0
1182,250,Course.hpp,62
1183,250,Course.cpp,0
1184,250,cppFiles/Professor.cpp,606
1185,250,main.cpp,217
1186,250,Major.hpp,22
1187,250,System.cpp,0
1188,218,src/date_and_time.cpp,138
1189,250,headers/System.hpp,540
1190,199,Handle_files.hpp,675
1191,175,project.cpp,8378
1192,234,university_system.cpp,1565
1193,234,main.cpp,494
1194,250,cppFiles/System.cpp,16807
1195,163,hpp/students.hpp,49
1196,250,headers/Course.hpp,315
1197,250,test.cpp,1
1198,250,cppFiles/User.cpp,1751
1199,250,headers/Student.hpp,261
1200,163,hpp/professors.hpp,0
1201,199,Posts.hpp,180
1202,252,src/inp.cpp,10525
1203,223,includes/website.hpp,383
1204,199,Majors.hpp,0
1205,199,Courses.hpp,272
1206,261,src/professors.cpp,123
1207,195,src\EmptyException.hpp,20
1208,204,includes/terminalio.hpp,664
1209,204,sources/terminalio.cpp,2350
1210,195,src\ExceptionEmpty.hpp,0
1211,199,Handle_files.cpp,1482
1212,204,includes/csvio.hpp,2661
1213,163,cpp/member.cpp,237
1214,229,Core/Post.cpp,207
1215,234,Define.hpp,0
1216,223,includes/delete.hpp,227
1217,199,System.cpp,12404
1218,195,src\login_command.cpp,1051
1219,223,src/delete.cpp,5812
1220,180,src/user.cpp,1093
1221,180,src/order.cpp,6328
1222,238,badrequesteception.hpp,78
1223,75,include/cmdChecker.hpp,336
1224,252,src/course.cpp,253
1225,160,header/general_function.hpp,264
1226,199,Offered_courses.hpp,681
1227,255,hpp/Post.hpp,266
1228,180,include/order.hpp,140
1229,195,testexeptions.txt,0
1230,183,cpp/CommandHandler.cpp,10562
1231,255,hpp/post.hpp,0
1232,255,cpp/Post.cpp,1924
1233,240,header/system.hpp,116
1234,160,src/general_function.cpp,3899
1235,218,includes/notification.hpp,75
1236,195,src\deallocate.cpp,601
1237,195,src\deallocate.hpp,49
1238,250,cppFiles/Notification.cpp,211
1239,195,post_command_test.txt,378
1240,259,src/io_title_and_message.cpp,208
1241,212,student..hpp,58
1242,75,include/system.hpp,162
1243,169,funcs.hpp,49
1244,199,Courses.cpp,102
1245,223,includes/error.hpp,21
1246,180,src/post.cpp,136
1247,284,post.hpp,280
1248,205,IO.hpp,124
1249,199,Handle_input.cpp,438
1250,212,requarment.cpp,226
1251,238,courses.cpp,203
1252,212,student.cpp,866
1253,160,header/time.hpp,441
1254,195,src\OkExeption.hpp,26
1255,160,src/time.cpp,81
1256,195,src\OK.hpp,0
1257,229,Core/Cloud.hpp,267
1258,212,post.cpp,357
1259,212,post.hpp,185
1260,77,Src/main.cpp,548
1261,261,Headers/defines.hpp,329
1262,180,include/user.hpp,776
1263,255,Post.hpp,27
1264,212,student.hpp,80
1265,281,include/Post.hpp,327
1266,238,majors.cpp,75
1267,267,post.cpp,145
1268,195,src\is_it_login_command.cpp,217
1269,195,src\is_it_login_command.hpp,6
1270,195,src\seperate_one_two_command.hpp,8
1271,195,src\seperate_one_two_command.cpp,0
1272,252,src/professor.cpp,352
1273,195,src\check_for_four_commands.cpp,19
1274,195,src\check_for_four_commands.hpp,0
1275,195,src\is_anyone_loged_in.hpp,191
1276,195,src\check_for_second_commands.cpp,124
1277,195,src\login_setup.hpp,10
1278,195,src\login_command.hpp,81
1279,195,src\login_setup.cpp,183
1280,195,src\is_anyone_loged_in.cpp,0
1281,75,src/system.cpp,961
1282,75,include/student.hpp,244
1283,75,src/student.cpp,592
1284,75,include/user.hpp,265
1285,77,phase1/Inc/CommandHandler.hpp,88
1286,284,post.cpp,169
1287,77,phase1/Src/CommandHandler.cpp,93
1288,77,phase1/Inc/CommandHandle.hpp,0
1289,229,Interface/AppHandler.cpp,4451
1290,166,Untitled-1.cpp,2928
1291,250,headers/Output.hpp,99
1292,179,main.cpp,1277
1293,179,Course.cpp,0
1294,179,Major.hpp,22
1295,77,Inc/CommandHandler.hpp,1307
1296,183,hpp/Utms.hpp,681
1297,195,src\check_for_quastion_mark.cpp,25
1298,195,src\check_for_quastion_mark.hpp,117
1299,281,include/postclass.hpp,51
1300,281,include/postclass.cpp,0
1301,238,test.cpp,1417
1302,281,src/postclass.cpp,0
1303,195,src\is_it_logout_command.cpp,67
1304,212,main.hpp,1676
1305,191,src/commandglobal.hpp,178
1306,195,src\logout_command.cpp,248
1307,195,src\logout_command.hpp,16
1308,195,src\is_it_logout_command.hpp,0
1309,252,include/notif.hpp,61
1310,238,test2.cpp,1
1311,252,src/notif.cpp,58
1312,267,notification.hpp,81
1313,267,notification.cpp,0
1314,183,cpp/functions.cpp,4573
1315,229,Posts/Post.cpp,582
1316,162,Version_2.cpp,56
1317,195,src\my coomands.txt,90
1318,250,headers/output.hpp,0
1319,281,include/Postcommands.hpp,1254
1320,281,include/showpost.hpp,245
1321,281,include/post.hpp,241
1322,230,include/commnad_handler.hpp,374
1323,163,hpp/global.hpp,203
1324,212,professor.hpp,144
1325,162,Version_3.cpp,144
1326,261,Headers/IO.cpp,49
1327,223,src/error.cpp,0
1328,230,src/DELETE.cpp,1417
1329,212,run.cpp,1289
1330,77,Src/CommandHandler.cpp,7752
1331,230,src/commnad_handler.cpp,2385
1332,180,include/exeptions.hpp,0
1333,180,include/post.hpp,157
1334,162,Bacis_Version.cpp,0
1335,162,Basic_Version.cpp,0
1336,162,Version1.cpp,0
1337,183,cpp/Utms.cpp,10362
1338,183,hpp/functions.hpp,135
1339,183,hpp/CommandHandler.hpp,1283
1340,261,Headers/IO.hpp,83
1341,195,commands.txt,0
1342,150,src/time.cpp,183
1343,183,hpp/Professor.hpp,98
1344,183,cpp/Professor.cpp,375
1345,183,hpp/User.hpp,164
1346,183,cpp/Student.cpp,58
1347,183,cpp/User.cpp,233
1348,150,src/course_offer.cpp,145
1349,204,test.cpp,3573
1350,204,sources/csvio.cpp,4517
1351,150,include/course_offer.hpp,208
1352,75,src/cmdChecker.cpp,3851
1353,150,include/time.hpp,157
1354,223,src/put.cpp,307
1355,179,Professor.cpp,890
1356,179,UTaccount.cpp,106
1357,248,global.hpp,985
1358,77,Inc/Globals.hpp,4656
1359,77,Src/Database.cpp,4245
1360,180,src/exeptions.cpp,15
1361,180,include/global.hpp,506
1362,75,src/cmdHandler.cpp,5045
1363,281,include/DeletePost.hpp,458
1364,180,include/input.hpp,47
1365,212,professor.cpp,503
1366,230,include/users.hpp,1653
1367,230,include/student.hpp,473
1368,250,headers/Post.hpp,115
1369,230,include/global.hpp,710
1370,150,include/date.hpp,143
1371,212,course.cpp,367
1372,230,src/users.cpp,6378
1373,212,major.hpp,77
1374,212,major.cpp,37
1375,240,header/includes.hpp,1050
1376,250,cppFiles/Post.cpp,181
1377,240,src/admin.cpp,1132
1378,240,header/admin.hpp,323
1379,240,header/student.hpp,1023
1380,240,header/professor.hpp,158
1381,240,header/user.hpp,192
1382,240,src/student.cpp,5256
1383,240,src/professor.cpp,2839
1384,212,course.hpp,417
1385,195,check_for_connect_command.txt,231
1386,230,src/POST.cpp,6311
1387,150,include/finder.hpp,248
1388,150,src/finder.cpp,33
1389,199,Offered_courses.cpp,770
1390,195,src\identify_user.cpp,0
1391,75,src/test.cpp,197
1392,75,include/commandHandler.hpp,15
1393,75,src/user.cpp,1327
1394,180,include/cammand_manager.hpp,45
1395,281,include/course.hpp,176
1396,75,include/handler.hpp,92
1397,163,hpp/post_manager.hpp,168
1398,77,Src/Student.cpp,683
1399,229,Core/Cloud.cpp,225
1400,163,cpp/post_manager.cpp,178
1401,261,src/IO.cpp,63
1402,150,src/date.cpp,101
1403,180,include/post_order.hpp,338
1404,195,src\Post_system.hpp,143
1405,195,src\check_id_match_in_peaple.hpp,9
1406,195,src\check_number_type.hpp,42
1407,195,src\check_id_match_in_peaple.cpp,17
1408,195,src\identify_user.hpp,91
1409,195,src\is_it_connect_command.cpp,206
1410,250,headers/Notification.hpp,173
1411,195,psot_command_test.txt,24
1412,281,include/majorSTPR.hpp,744
1413,199,global_stuffs.hpp,1386
1414,75,src/handler.cpp,405
1415,75,include/global.hpp,271
1416,195,check_for_connect_command copy.txt,16
1417,195,src\connect_command.cpp,1505
1418,75,test/test.cpp,1023
1419,75,src/cmddHandler.cpp,0
1420,75,include/cmdHandler.hpp,193
1421,250,headers/Admin.hpp,271
1422,240,header/request.hpp,706
1423,195,src\check_for_double_quatation.hpp,80
1424,166,.cpp,12461
1425,250,cppFiles/Admin.cpp,231
1426,195,src\notif.hpp,290
1427,195,src\notificaiton_command.hpp,3
1428,195,src\notif_type.hpp,73
1429,159,hpp_files/majors.hpp,73
1430,180,include/student.hpp,191
1431,259,src/system_put.cpp,247
1432,166,s.hpp,36
1433,77,Src/Manager.cpp,50
1434,166,Person.hpp,48
1435,77,Inc/User.hpp,204
1436,166,major.hpp,20
1437,166,Student.hpp,596
1438,166,Course.hpp,675
1439,166,Professor.hpp,24
1440,77,Src/User.cpp,951
1441,166,declaration.hpp,22
1442,166,Major.cpp,20
1443,166,Student.cpp,20
1444,166,Course.cpp,20
1445,159,cpp_files/course.cpp,157
1446,154,Major.hpp,32
1447,166,Professor.cpp,80
1448,166,Utility.hpp,20
1449,77,Inc/Professor.hpp,227
1450,77,Src/Professor.cpp,355
1451,279,01.cpp,14804
1452,77,Inc/Student.hpp,163
1453,159,hpp_files/course.hpp,300
1454,229,Cloud/Cloud.hpp,169
1455,229,Posts/Post.hpp,210
1456,229,Date/Date.hpp,5
1457,229,Date/Date.cpp,0
1458,229,UTMS/UTMS.hpp,0
1459,229,Interface/AppHandler.hpp,395
1460,229,Cloud/Cloud.cpp,812
1461,229,Time/Time.cpp,263
1462,229,Time/Time.hpp,38
1463,159,cpp_files/majors.cpp,57
1464,218,src/admin.cpp,0
1465,180,src/student.cpp,308
1466,181,header/time.hpp,158
1467,180,include/professor.hpp,56
1468,180,include/course.hpp,30
1469,281,include/courseOffer.hpp,383
1470,259,hdr/time.hpp,48
1471,181,src/time.cpp,307
1472,180,src/major.cpp,0
1473,205,IO.cpp,301
1474,165,src\person.cpp,997
1475,233,Chanel.cpp,326
1476,262,stuff.cpp,159
1477,150,include/notification.hpp,121
1478,180,include/major.hpp,1
1479,259,src/time.cpp,208
1480,180,src/student copy.cpp,59
1481,180,src/professor.cpp,660
1482,163,hpp/post.hpp,0
1483,165,include\course.hpp,308
1484,269,presentation.cpp,396
1485,191,src/interface.hpp,287
1486,233,Chanel.hpp,564
1487,222,include/iomanager.hpp,299
1488,150,src/notification.cpp,108
1489,222,src/iomanager.cpp,5373
1490,160,header/error.hpp,348
1491,165,src\delete.cpp,1001
1492,165,src\post.cpp,3635
1493,150,include/command_handler.hpp,210
1494,230,src/professors.cpp,1428
1495,267,global.hpp,834
1496,281,include/setprofforcourse.hpp,197
1497,150,src/command_handler.cpp,1002
1498,269,presentation.hpp,215
1499,259,src/system_delete.cpp,321
1500,252,src/test.cpp,32
1501,164,source/course_channel.cpp,213
1502,281,include/setCourseforSTPR.hpp,637
1503,164,headers/course_chanel.hpp,0
1504,249,src/structs.cpp,96
1505,164,headers/course_channel.hpp,183
1506,281,include/PUTcourse.hpp,281
1507,262,Mainprocess.hpp,146
1508,262,Mainprocess.cpp,6008
1509,281,include/coursVsmajor.hpp,483
1510,195,src\check_for_double_quatation.cpp,81
1511,195,src\post_command.cpp,0
1512,195,src\is_it_post_command.cpp,102
1513,195,src\is_it_post_command.hpp,0
1514,238,students.csv,1
1515,195,src\post_command_setup.hpp,0
1516,262,stuff.hpp,626
1517,284,notification.hpp,116
1518,281,include/CheckCourse.hpp,206
1519,191,src/interface.cpp,3597
1520,195,src\is_it_delete_post_command.cpp,0
1521,195,src\is_it_delete_post_command.hpp,2
1522,195,src\check_post_id_exist.hpp,832
1523,195,src\delete_post_command.cpp,28
1524,195,src\delete_post_command.hpp,2
1525,199,train.cpp,746
1526,281,include/mainLine.hpp,500
1527,262,main.cpp,144
1528,165,src\course.cpp,105
1529,252,src/major.cpp,78
1530,252,include/major.hpp,57
1531,180,src/course.cpp,1219
1532,284,admin.cpp,0
1533,195,src\is_it_notificaiton_command.cpp,63
1534,195,src\is_it_notificaiton_command.hpp,0
1535,195,src\notificaiton_command.cpp,0
1536,195,src\set_ut_account_ptr_contacts.cpp,0
1537,195,src\set_ut_account_ptr_contacts.hpp,8
1538,169,Courses_offered.hpp,726
1539,195,src\PresentedCourse.hpp,897
1540,169,manager.cpp,1163
1541,281,include/addUt.hpp,202
1542,169,course.cpp,380
1543,248,Function.hpp,3364
1544,169,Users1.cpp,0
1545,169,system.cpp,1588
1546,169,header/TA_form.hpp,92
1547,49,src/utms.cpp,6988
1548,169,professor.cpp,701
1549,248,Function.cpp,186
1550,195,course_offer_test.txt,2447
1551,169,course.hpp,69
1552,175,Course.cpp,0
1553,175,Post.cpp,0
1554,175,Major.cpp,0
1555,175,Professor.cpp,0
1556,175,Student.cpp,0
1557,75,src/course.cpp,410
1558,75,include/post.hpp,99
1559,247,cpp/Post.cpp,307
1560,247,hpp/Post.hpp,166
1561,169,users.hpp,115
1562,182,Professor.hpp,235
1563,169,users.cpp,723
1564,195,src\is_presented_course_id_exist.cpp,0
1565,195,src\is_presented_course_id_exist.hpp,0
1566,281,include/pushin.hpp,45
1567,169,regular_user.cpp,568
1568,182,Student.cpp,2639
1569,169,structs.hpp,732
1570,169,Courses_offered.cpp,2158
1571,169,regular_user.hpp,394
1572,75,src/main.cpp,756
1573,160,structs.hpp,617
1574,75,src/professor.cpp,317
1575,75,include/professor.hpp,138
1576,169,professor.hpp,0
1577,182,Student.hpp,204
1578,160,manager.hpp,429
1579,169,manager.hpp,434
1580,160,Users1.hpp,0
1581,160,users.hpp,30
1582,160,Courses_offered.hpp,25
1583,160,Include.hpp,0
1584,160,regular_user.hpp,0
1585,160,users.cpp,21
1586,75,include/course.hpp,276
1587,169,student.hpp,0
1588,169,student.cpp,806
1589,182,Professor.cpp,1488
1590,248,tempCodeRunnerFile.cpp,0
1591,169,handler.cpp,15126
1592,160,Courses_offered.cpp,0
1593,75,src/post.cpp,328
1594,75,src/notifHandler.cpp,357
1595,234,Major.cpp,486
1596,164,source/media.cpp,251
1597,234,Student.cpp,0
1598,234,Course.cpp,0
1599,234,Professor.cpp,0
1600,234,User.cpp,0
1601,164,headers/media.hpp,205
1602,252,src/date.cpp,269
1603,252,include/date.hpp,154
1604,83,src/AppProfile.cpp,603
1605,83,include/Defs.hpp,333
1606,195,show_presented_course_type_one_command.txt,15
1607,255,cpp/Defult.cpp,127
1608,238,coursesinfo.hpp,362
1609,223,src/course.cpp,0
1610,223,src/int.cpp,4
1611,231,include/process.hpp,306
1612,231,src/request.cpp,3772
1613,75,src/offeredCourse.cpp,823
1614,182,IOHandler.hpp,188
1615,175,src\main.cpp,0
1616,231,src/main.cpp,39
1617,250,headers/Announcement.hpp,249
1618,273,src/CloseTAForm.cpp,1673
1619,175,include\Student.hpp,0
1620,77,Inc/Database.hpp,272
1621,195,src\how_many_courses_presented.hpp,40
1622,175,src\Professor.cpp,0
1623,175,include\Course.hpp,0
1624,281,include/Deletecourse.hpp,57
1625,195,src\add_notif_handeling.cpp,322
1626,195,src\course_offer_command.hpp,0
1627,233,TAForm.cpp,266
1628,232,include\GetCommands.hpp,198
1629,231,src/post.cpp,2491
1630,75,include/date.hpp,184
1631,232,include\PostCommands.hpp,253
1632,273,include/Cloud.hpp,1866
1633,281,include/getcourse.hpp,59
1634,175,User.cpp,0
1635,175,UniversitySystem.cpp,0
1636,175,main.cpp,688
1637,175,src\User.cpp,0
1638,175,include\UniversitySystem.hpp,0
1639,175,src\UniversitySystem.cpp,6013
1640,175,include\User.hpp,0
1641,175,src\Student.cpp,0
1642,175,include\Professor.hpp,0
1643,175,src\Course.cpp,0
1644,175,include\Major.hpp,0
1645,175,src\Major.cpp,0
1646,175,include\Post.hpp,0
1647,175,src\Post.cpp,0
1648,195,src\check_course_offer_time_handeling.cpp,97
1649,233,TAForm.hpp,337
1650,195,z_type_one_command.txt,250
1651,195,src\is_it_show_presented_course_type_two_command.hpp,0
1652,240,src/offercourse.cpp,1136
1653,281,include/addFunc.hpp,637
1654,255,cpp/Notification.cpp,0
1655,255,cpp/Time.cpp,15
1656,229,Setting.hpp,146
1657,165,src\put.cpp,82
1658,273,src/addProfile.cpp,489
1659,273,src/TAForm.cpp,1173
1660,195,src\add_notif_handeling.hpp,133
1661,231,src/person.cpp,2471
1662,75,include/offeredCourse.hpp,289
1663,240,header/post.hpp,999
1664,159,hpp_files/login_out.hpp,25
1665,205,channel.cpp,639
1666,232,include\Professor.hpp,581
1667,232,src\Professor.cpp,639
1668,273,src/Cloud.cpp,4073
1669,195,src\check_course_id_match_in_courses.hpp,2
1670,195,src\is_it_course_offer_command.cpp,56
1671,195,src\is_it_course_offer_command.hpp,0
1672,195,src\check_course_id_match_in_courses.cpp,0
1673,195,src\is_it_professor.cpp,0
1674,195,src\is_it_professor.hpp,0
1675,195,src\seperate_day.cpp,0
1676,195,src\seperate_day.hpp,0
1677,240,header/offercourse.hpp,302
1678,195,src\seperate_exam_date.cpp,4
1679,195,src\seperate_exam_date.hpp,0
1680,195,src\course_offer_notif_handeling.cpp,0
1681,195,src\course_offer_notif_handeling.hpp,0
1682,252,src/ut_admin.cpp,187
1683,195,src\check_course_offer_time_handeling.hpp,3
1684,195,src\course_offer_command.cpp,155
1685,240,header/utilities.hpp,58
1686,240,header/course.hpp,13
1687,232,src\Main.cpp,4154
1688,231,include/person.hpp,180
1689,232,include\Course.hpp,806
1690,232,src\Course.cpp,582
1691,273,src/CoursePost.cpp,1754
1692,232,include\CsvReader.hpp,387
1693,232,src\CsvReader.cpp,1703
1694,231,include/posts.hpp,173
1695,182,UTMS.cpp,19595
1696,195,src\extract_csv.cpp,0
1697,195,src\extract_csv.hpp,0
1698,232,src\PostCommands.cpp,1398
1699,232,src\GetCommands.cpp,2977
1700,238,coursesinfo.cpp,452
1701,238,courseinfo.cpp,12
1702,195,src\is_it_show_presented_course_type_one_command.cpp,63
1703,195,src\is_it_show_presented_course_type_one_command.hpp,0
1704,195,src\show_presented_course_type_one_command.cpp,0
1705,232,include\Student.hpp,340
1706,232,include\DeleteCommands.hpp,0
1707,232,include\PutCommands.hpp,0
1708,231,include/includes_and_consts.hpp,92
1709,75,include/time.hpp,52
1710,195,src\show_presented_course_type_two_command.cpp,80
1711,281,src/ut.cpp,965
1712,195,src\is_it_show_presented_course_type_two_command.cpp,75
1713,195,src\show_presented_course_type_two_command.hpp,0
1714,75,src/time.cpp,278
1715,75,src/date.cpp,593
1716,167,header/channel.hpp,184
1717,182,UTMS.hpp,519
1718,182,constants.hpp,374
1719,195,src\show_personal_page_command.hpp,233
1720,159,cpp_files/test.cpp,1543
1721,182,Major.hpp,188
1722,195,files\courses.csv,0
1723,182,Course.hpp,129
1724,182,main.cpp,0
1725,182,IOHandler.cpp,1122
1726,75,src/history.cpp,135
1727,182,Course.cpp,260
1728,182,Major.cpp,46
1729,238,notif.hpp,136
1730,75,include/history.hpp,111
1731,238,sytem.cpp,1734
1732,230,src/system.cpp,3061
1733,230,src/GET.cpp,1051
1734,75,include/notifHandler.hpp,102
1735,240,src/post.cpp,2261
1736,75,src/operator.cpp,107
1737,75,include/operator.hpp,209
1738,75,src/systemUser.cpp,696
1739,75,include/systemUser.hpp,21
1740,230,src/student.cpp,828
1741,230,src/manager.cpp,696
1742,230,src/date.cpp,1
1743,230,src/courses.cpp,2216
1744,273,src/TARequest.cpp,972
1745,205,channel.hpp,358
1746,240,header/TAform.hpp,77
1747,240,src/TAform.cpp,2260
1748,75,include/majors.hpp,0
1749,75,src/major.cpp,453
1750,75,include/major.hpp,227
1751,255,hpp/Channel.hpp,266
1752,182,User.cpp,4077
1753,160,header/channel.hpp,392
1754,195,src\is_it_take_course_command.hpp,0
1755,227,include/ta_form.hpp,158
1756,169,post.hpp,637
1757,255,.vscode/settings.json,0
1758,167,header/channel.cpp,237
1759,227,src/ta_form.cpp,316
1760,255,.aiedut.json,0
1761,182,User.hpp,200
1762,195,src\is_it_take_course_command.cpp,66
1763,195,src\is_it_student.hpp,0
1764,195,src\find_PresentedCourse.cpp,0
1765,195,src\check_take_course_time_handeling.cpp,0
1766,195,src\check_take_course_time_handeling.hpp,0
1767,160,header/course_offer.cpp,31
1768,160,src/course_offer.cpp,349
1769,169,header/system.hpp,350
1770,273,courses.csv,4
1771,273,students.csv,23
1772,250,headers/Announcment.hpp,15
1773,250,cppFiles/Announcement.cpp,520
1774,250,headers/Time.hpp,0
1775,273,src/courseChannel.cpp,351
1776,255,cpp/Channel.cpp,281
1777,229,Interface/Delete.cpp,1533
1778,229,Interface/Put.cpp,0
1779,229,Interface/Get.cpp,0
1780,229,Interface/useful.hpp,0
1781,273,src/CoursePostChannel.cpp,1055
1782,195,src\is_it_delete_student_course.hpp,0
1783,195,src\delete_student_course.cpp,0
1784,195,src\delete_student_course.hpp,0
1785,195,res.txt,3467
1786,167,src/channel.cpp,272
1787,195,src\show_my_courses_command.cpp,44
1788,195,src\show_my_courses_command.hpp,0
1789,195,src\is_it_ut_account.hpp,0
1790,195,src\show_post_page_command.hpp,238
1791,49,src/course.cpp,592
1792,183,hpp/include.hpp,453
1793,49,include/interface.hpp,1227
1794,284,a-iohandler.cpp,13945
1795,195,src\is_it_show_post_command.hpp,0
1796,195,src\is_it_show_personal_page_command.hpp,0
1797,204,includes\user.hpp,737
1798,198,Channel.hpp,88
1799,204,sources\user.cpp,2239
1800,195,src\is_it_show_personal_page_command.cpp,64
1801,195,src\show_personal_page_command.cpp,25
1802,198,Channel.cpp,303
1803,204,sources\instruction_handler.cpp,9441
1804,195,src\show_post_command.hpp,0
1805,195,src\show_post_command.cpp,229
1806,195,src\connect_command.hpp,0
1807,195,src\find_PresentedCourse.hpp,0
1808,204,sources\csvio.cpp,3
1809,204,includes\global.hpp,2008
1810,204,sources\terminalio.cpp,2024
1811,195,src\is_it_delete_student_course.cpp,0
1812,195,src\is_it_student.cpp,0
1813,195,src\is_it_show_post_command.cpp,0
1814,195,src\is_it_show_my_courses_command.cpp,0
1815,195,src\set_arg_order.cpp,0
1816,49,src/prof.cpp,981
1817,181,header/ta_applicant_info.hpp,225
1818,195,src\show_post_page_command.cpp,201
1819,195,src\take_course_command.cpp,0
1820,49,include/user.hpp,597
1821,223,includes/media.hpp,325
1822,49,include/prof.hpp,334
1823,166,handle.hpp,23195
1824,166,login.hpp,904
1825,166,structs.hpp,545
1826,169,src/handler.cpp,4914
1827,223,src/media.cpp,543
1828,281,include/Postcommands.cpp,0
1829,281,src/Postcommands.cpp,0
1830,164,source/interface.cpp,1036
1831,227,include/post.hpp,99
1832,231,src/delete.cpp,28
1833,227,include/normal_post.hpp,209
1834,248,TA_form.hpp,197
1835,230,include/POST.hpp,203
1836,248,TA_form.cpp,163
1837,230,include/GET.hpp,116
1838,227,src/normal_post.cpp,88
1839,169,header/users.hpp,126
1840,169,src/courses_offered.cpp,165
1841,169,header/handler.hpp,251
1842,169,src/system.cpp,5145
1843,169,header/course.hpp,71
1844,169,header/post.hpp,187
1845,231,include/courses.hpp,55
1846,160,src/published.cpp,25
1847,160,header/TA_form.hpp,134
1848,169,header/Include.hpp,6177
1849,160,src/TA_form.cpp,356
1850,232,include\Major.hpp,39
1851,160,header/published.hpp,195
1852,232,src\Major.cpp,0
1853,232,src\user.cpp,450
1854,231,src/courses.cpp,687
1855,169,header/student.hpp,41
1856,267,global.cpp,429
1857,169,src/student.cpp,502
1858,49,src/interface.cpp,2644
1859,230,include/professors.hpp,1417
1860,230,include/manager.hpp,105
1861,230,include/courses.hpp,371
1862,169,header/professor.hpp,188
1863,167,header/normal_post.hpp,435
1864,232,include\user.hpp,333
1865,49,include/admin.hpp,68
1866,49,include/course.hpp,318
1867,49,include/defs.hpp,148
1868,232,src\Student.cpp,337
1869,49,include/student.hpp,308
1870,49,src/student.cpp,410
1871,49,src/user.cpp,78
1872,49,include/utms.hpp,463
1873,183,hpp/Course.hpp,824
1874,267,coursePost.hpp,87
1875,267,coursePost.cpp,73
1876,248,Message.hpp,49
1877,248,Message.cpp,32
1878,238,studentCourses.hpp,137
1879,238,studentCourses.cpp,183
1880,231,src/get.cpp,1392
1881,167,header/normal_post.cpp,998
1882,167,header/ta_form.hpp,159
1883,167,header/ta_form.cpp,0
1884,167,src/ta_form.cpp,1287
1885,252,include/admin.hpp,26
1886,252,include/ta_form.hpp,137
1887,252,src/admin.cpp,6
1888,183,cpp/Course.cpp,1719
1889,252,src/ta_form.cpp,201
1890,284,a-enteringdata.cpp,1627
1891,284,a-enteringdata.hpp,315
1892,242,src/Post.cpp,223
1893,242,include/Announcement.hpp,67
1894,242,src/Announcement.cpp,8
1895,259,hdr/ta_form_closing_handler.hpp,396
1896,242,include/Post.hpp,264
1897,259,hdr/file_handler.hpp,404
1898,180,src/system.cpp,261
1899,182,PresentedCourse.hpp,255
1900,180,include/manager.hpp,163
1901,259,hdr/ta_form.hpp,200
1902,180,src/GET.cpp,3484
1903,269,taForm.cpp,349
1904,259,src/post.cpp,587
1905,180,include/commandmanager.hpp,222
1906,49,src/admin.cpp,74
1907,180,include/POST.hpp,270
1908,180,include/PUT.hpp,119
1909,180,include/DELETE.hpp,137
1910,222,include/form.hpp,192
1911,255,hpp/Request.hpp,144
1912,238,coursepost.hpp,225
1913,259,src/file_handler.cpp,640
1914,180,include/GET.hpp,314
1915,75,src/formPost.cpp,368
1916,259,src/data_loader.cpp,0
1917,180,include/system.hpp,80
1918,269,ta_form.hpp,0
1919,269,taForm.hpp,116
1920,77,Inc/Academic.hpp,380
1921,182,PresentedCourse.cpp,3824
1922,180,src/input.cpp,44
1923,273,include/Handle.hpp,373
1924,273,src/Handle.cpp,887
1925,165,include\user.hpp,32
1926,181,header/channel_lecture_interface.hpp,98
1927,227,include/channel_post.hpp,20
1928,189,include/ta_form.hpp,132
1929,180,src/POST.cpp,17033
1930,279,03.cpp,6953
1931,181,header/ta_form_post.hpp,188
1932,259,src/ta_form_closing_handler.cpp,485
1933,259,hdr/normal_user.hpp,80
1934,181,src/ta_form_post.cpp,271
1935,180,src/manager.cpp,9
1936,180,src/commandmanager.cpp,591
1937,269,coursePost.hpp,134
1938,242,src/InputHandler.cpp,201
1939,232,include\GetHandler.hpp,426
1940,219,courses.cpp,2081
1941,180,src/DELETE.cpp,2011
1942,227,src/channel_post.cpp,213
1943,180,src/PUT.cpp,391
1944,245,io_Handler.hpp,23
1945,181,header/normal_post.hpp,43
1946,181,src/post.cpp,126
1947,181,src/normal_post.cpp,455
1948,212,superCommand.cpp,10488
1949,259,hdr/notification.hpp,203
1950,259,src/notification.cpp,194
1951,240,header/channel.hpp,112
1952,259,hdr/normal_users.hpp,97
1953,259,src/NormalUser.cpp,0
1954,259,src/normal_user.cpp,85
1955,75,include/formPost.hpp,288
1956,150,src/ta_form.cpp,1239
1957,222,content.cpp,0
1958,240,header/normalpost.hpp,329
1959,222,include/content.hpp,42
1960,222,src/content.cpp,377
1961,180,src/DELETE copy.cpp,0
1962,240,src/normalpost.cpp,315
1963,240,src/channel.cpp,442
1964,267,files/teachers.csv,0
1965,181,header/channel.hpp,238
1966,262,Person.cpp,235
1967,154,CourseOffer.hpp,97
1968,154,CourseOffer.cpp,915
1969,269,coursePost.cpp,217
1970,284,a-iohandler.hpp,3189
1971,230,include/taForm.hpp,354
1972,159,src/System.cpp,193
1973,195,output.txt,9226
1974,242,src/TaForm.cpp,402
1975,159,incude/System.hpp,0
1976,259,src/ta_form.cpp,345
1977,242,src/ChannelPost.cpp,316
1978,242,include/ChannelPost.hpp,85
1979,242,include/TaForm.hpp,182
1980,242,include/Types.hpp,701
1981,75,include/coursePage.hpp,720
1982,75,src/coursePage.cpp,368
1983,259,hdr/course_post.hpp,127
1984,223,src/form.cpp,56
1985,83,include/Course.hpp,264
1986,83,include/Student.hpp,50
1987,259,hdr/offered_course.hpp,545
1988,83,include/DataStorage.hpp,108
1989,222,src/form.cpp,396
1990,83,src/Course.cpp,930
1991,227,src/notife.cpp,181
1992,83,include/AppProfile.hpp,108
1993,227,include/notif.hpp,19
1994,83,src/DataStorage.cpp,290
1995,259,hdr/coursepost.hpp,0
1996,259,src/course_post.cpp,186
1997,83,include/Person.hpp,77
1998,259,hdr/base_post.hpp,130
1999,83,src/Professor.cpp,322
2000,83,include/RequestHandler.hpp,202
2001,259,src/all_posts_basic_output.cpp,307
2002,259,hdr/all_posts_basic_output.hpp,83
2003,252,src/prophile.cpp,131
2004,259,src/base_post.cpp,0
2005,259,src/offered_course.cpp,244
2006,83,src/Student.cpp,378
2007,83,include/Professor.hpp,41
2008,219,courses.hpp,698
2009,223,includes/form.hpp,131
2010,83,src/Person.cpp,399
2011,83,src/RequestHandler.cpp,587
2012,227,include/notife.hpp,0
2013,227,include/member.hpp,324
2014,150,include/ta_form.hpp,266
2015,247,cpp/Ta_form.cpp,128
2016,227,src/notif.cpp,47
2017,252,include/prophile.hpp,20
2018,169,src/post.cpp,224
2019,169,src/ta_form.cpp,272
2020,163,cpp/course_offer_cheker.cpp,262
2021,227,src/member.cpp,0
2022,83,src/Iohandler.cpp,173
2023,167,header/course_post.hpp,156
2024,167,src/course_post.cpp,574
2025,182,Post.cpp,52
2026,167,src/main.cpp,1406
2027,167,src/normal_post.cpp,612
2028,182,Post.hpp,111
2029,167,files/students.csv,0
2030,169,header/ta_form.hpp,216
2031,169,src/professor.cpp,523
2032,169,header/manager.hpp,13
2033,77,Src/Academic.cpp,932
2034,169,src/manager.cpp,207
2035,169,src/ta_fotm.cpp,11
2036,232,src\DeleteCommands.cpp,0
2037,247,hpp/Ta_form.hpp,81
2038,240,header/major.hpp,0
2039,255,hpp/Taform.hpp,167
2040,212,errors.hpp,38
2041,169,src/users.cpp,293
2042,77,Inc/CustomStructures.hpp,611
2043,212,errors.cpp,111
2044,160,src/channel.cpp,565
2045,240,header/notification.hpp,0
2046,240,header/date.hpp,0
2047,231,include/login.hpp,0
2048,255,cpp/Request.cpp,89
2049,181,src/ta_applicant_info.cpp,79
2050,238,coursepost.cpp,257
2051,163,hpp/course_offer_cheker.hpp,0
2052,249,src/channel.hpp,1362
2053,273,examples/main.cpp,0
2054,261,UTMS/src/template_parser.cpp,0
2055,273,include/utilities.hpp,0
2056,75,src/reqHandler.cpp,255
2057,255,cpp/Taform.cpp,242
2058,160,channel.cpp,60
2059,183,hpp/Student.hpp,98
2060,195,out with commands.txt,89
2061,232,a6.2 new\src\GetHandler.cpp,10
2062,167,header/read_file.hpp,0
2063,232,a6.2 new\include\Professor.hpp,0
2064,232,a6.2 new\include\User.hpp,0
2065,232,a6.2 new\include\Student.hpp,0
2066,232,a6.2 new\include\src\CsvReader.cpp,0
2067,189,src/te_form.cpp,347
2068,75,include/reqHandler.hpp,112
2069,232,a6.2 new\include\GetHandler.hpp,0
2070,232,a6.2 new\include\PutHandler.hpp,0
2071,232,a6.2 new\include\DeleteHandler.hpp,0
2072,232,a6.2 new\src\PostHandler.cpp,39
2073,232,a6.2 new\src\PutHandler.cpp,0
2074,232,a6.2 new\src\DeleteHandler.cpp,0
2075,232,a6.2 new\src\Main.cpp,673
2076,169,header/courses_offered.hpp,284
2077,195,src\check_post_image_args.hpp,0
2078,195,src\post_image_command.hpp,0
2079,195,src\is_it_post_image_command.hpp,0
2080,195,src\sort_post_command.hpp,0
2081,195,src\post_image_command.cpp,0
2082,248,Post_course.hpp,18
2083,232,src\PostHandler.cpp,4885
2084,232,include\PostHandler.hpp,321
2085,232,src\GetHandler.cpp,4679
2086,232,include\Post.hpp,165
2087,232,src\Post.cpp,157
2088,195,src\is_it_add_profile_photo_command.cpp,0
2089,195,src\is_it_add_profile_photo_command.hpp,0
2090,195,src\add_profile_photo_command.hpp,0
2091,189,src/usuall_post.cpp,297
2092,212,subCommands.hpp,192
2093,195,src\add_profile_photo_command.cpp,0
2094,166,posthandeler.cpp,37
2095,189,include/usuall_post.hpp,252
2096,242,include/InputHandler.hpp,50
2097,166,posthandeler.hpp,59
2098,189,include/date.hpp,7
2099,262,Person.hpp,109
2100,179,tst.cpp,626
2101,154,temp.cpp,32
2102,212,superCommands.hpp,290
2103,189,src/ta_form.cpp,99
2104,181,header/channel_post.hpp,218
2105,229,Channel/Channel.cpp,717
2106,75,src/UTserver.cpp,29
2107,195,src\Form_system.hpp,663
2108,181,src/channel_post.cpp,237
2109,273,code/src/University.cpp,1994
2110,77,Src/Notif.cpp,25
2111,184,src/includes.hpp,0
2112,245,UT_media.cpp,34
2113,245,UT_media.hpp,13
2114,261,UTMS/Headers/handler.hpp,169
2115,181,src/channel.cpp,404
2116,245,io_Handler.cpp,27
2117,212,SuperCommand.hpp,0
2118,212,SuperCommand.cpp,0
2119,212,superCommand.hpp,1646
2120,212,superCommands.cpp,245
2121,284,admin.hpp,23
2122,212,subCommands.cpp,143
2123,75,APHTTP/examples/UTserver.hpp,13
2124,191,src/handler.cpp,8432
2125,184,src/Courses.hpp,29
2126,184,src/Posts.hpp,86
2127,184,src/Posts.cpp,0
2128,212,postCommand.cpp,7615
2129,204,includes\professor.hpp,235
2130,261,UTMS/Headers/include.hpp,0
2131,281,include/CourseChannel.hpp,29
2132,273,server/server.cpp,0
2133,229,Channel/Channel.hpp,165
2134,273,code/include/Handle.hpp,321
2135,281,include/coursepost.hpp,812
2136,273,code/src/main.cpp,976
2137,273,include/route.hpp,0
2138,83,src/UTMS.cpp,0
2139,83,include/CsvReader.hpp,17
2140,162,Course.cpp,0
2141,162,Major.cpp,0
2142,162,Professor.cpp,0
2143,162,Student.cpp,0
2144,162,Main.cpp,205
2145,75,src/global.cpp,4
2146,212,postCommand.hpp,180
2147,218,src/taform.cpp,0
2148,230,include/posts.hpp,589
2149,230,src/posts.cpp,1901
2150,230,src/taForm.cpp,6
2151,218,includes/medium.hpp,0
2152,218,includes/taform.hpp,0
2153,230,include/pposts.hpp,0
2154,230,include/postss.hpp,0
2155,261,UTMS/src/route.cpp,0
2156,273,src/server.cpp,0
2157,261,UTMS/src/server.cpp,77
2158,273,include/strutils.hpp,0
2159,252,include/time.hpp,164
2160,252,src/time.cpp,255
2161,232,include\User.hpp,981
2162,232,src\User.cpp,348
2163,159,src/main.cpp,28
2164,279,errors.cpp,94
2165,150,src/course_channel.cpp,1180
2166,150,include/course_channel.hpp,249
2167,222,include/time.hpp,13
2168,248,IO_HANDLER.hpp,26230
2169,230,include/date.hpp,0
2170,222,include/courseData.hpp,0
2171,77,Inc/Port.hpp,351
2172,279,error.cpp,67
2173,230,include/datas.hpp,0
2174,279,errors.hpp,145
2175,230,include/majors.hpp,0
2176,230,include/PUT.hpp,93
2177,230,include/system.hpp,0
2178,230,include/time.hpp,0
2179,230,src/datas.cpp,0
2180,230,src/main.cpp,5
2181,230,src/majors.cpp,0
2182,230,src/PUT.cpp,362
2183,279,struct.cpp,86
2184,238,talistform.hpp,157
2185,273,code/src/DynamicHTML.cpp,13444
2186,279,imp_function.cpp,4404
2187,238,talistform.cpp,179
2188,205,src/person.cpp,615
2189,279,error.hpp,102
2190,279,struct.hpp,253
2191,279,classes.cpp,7929
2192,279,classes.hpp,16927
2193,77,Inc/Manager.hpp,44
2194,75,src/serverHandlers.cpp,531
2195,199,Channel.hpp,262
2196,77,Inc/Content.hpp,636
2197,77,Src/Content.cpp,188
2198,77,Inc/Course.hpp,243
2199,77,Src/Port.cpp,316
2200,279,command2.cpp,6816
2201,77,Src/Course.cpp,356
2202,279,classes2.hpp,2187
2203,279,classes1.hpp,2181
2204,279,classes1.cpp,6712
2205,279,classes2.cpp,3109
2206,222,server/server.cpp,935
2207,252,src/handler.cpp,10225
2208,269,handlers.cpp,14589
2209,232,include\DefaultUser.hpp,389
2210,279,commands.hpp,1583
2211,279,imp_function.hpp,9905
2212,232,src\DefaultUser.cpp,1023
2213,279,commands.cpp,18815
2214,248,IO_HANDELER.hpp,29449
2215,242,include/handlers.hpp,644
2216,169,header/funcs.hpp,843
2217,279,command2.hpp,1515
2218,169,header/course_channel.hpp,0
2219,238,post.cpp,307
2220,279,main.cpp,615
2221,169,src/course_channel.cpp,322
2222,169,header/separate_command.hpp,186
2223,169,src/separate_command.cpp,825
2224,273,code/src/handlers.cpp,1483
2225,261,UTMS/Headers/route.hpp,13
2226,261,src/handler.cpp,1112
2227,248,IO_HANDLER.cpp,23425
2228,261,Headers/handler.hpp,547
2229,238,post.hpp,127
2230,195,src\CoursePost.hpp,449
2231,252,include/channel.hpp,241
2232,232,include\CoursePresentation.hpp,722
2233,238,talistrequested.cpp,146
2234,232,src\CoursePresentation.cpp,1350
2235,191,src/handler.hpp,2100
2236,232,include\PutHandler.hpp,64
2237,252,src/channel.cpp,422
2238,232,src\PutHandler.cpp,280
2239,195,mytesettt.txt,288
2240,232,include\DeleteHandler.hpp,20
2241,232,src\DeleteHandler.cpp,143
2242,159,incude/global.hpp,0
2243,273,src/handlers.hpp,0
2244,77,Inc/Notif.hpp,86
2245,242,include/Constants.hpp,52
2246,249,src/channel.cpp,896
2247,238,talistrequested.hpp,273
2248,204,sources\main.cpp,1147
2249,182,Notification.hpp,99
2250,195,src\Course_post.hpp,0
2251,252,src/f.cpp,572
2252,195,src\is_it_post_image_command.cpp,424
2253,273,include/handlers.hpp,36
2254,273,code/include/handlers.hpp,913
2255,219,generals.cpp,0
2256,219,generals.hpp,119
2257,219,course.cpp,0
2258,242,src/handlers.cpp,14339
2259,252,include/time1.hpp,0
2260,252,src/date1.cpp,0
2261,195,src\make_course_post_command_type_two.hpp,0
2262,195,src\make_course_post_command_type_one.hpp,0
2263,195,src\check_make_course_post_type_one_args.cpp,0
2264,195,src\check_make_course_post_type_one_args.hpp,0
2265,195,src\is_it_make_course_post_command_type_one.hpp,15
2266,195,src\sort_course_post_type_one_command.cpp,0
2267,195,src\sort_course_post_type_one_command.hpp,0
2268,195,src\get_all_presented_courses.hpp,0
2269,195,src\post_course_notif_handle.hpp,0
2270,195,src\make_course_post_command_type_one.cpp,0
2271,195,src\check_make_course_post_type_two_args.cpp,0
2272,195,src\check_make_course_post_type_two_args.hpp,15
2273,195,src\is_it_make_course_post_command_type_two.cpp,166
2274,195,src\is_it_make_course_post_command_type_two.hpp,0
2275,195,src\sort_course_post_type_two_command.cpp,0
2276,195,src\show_course_channel_command.cpp,0
2277,238,professors.csv,0
2278,195,input.txt,3
2279,195,src\show_course_channel_command.hpp,0
2280,195,src\is_it_show_course_channel_command.cpp,0
2281,195,src\is_it_show_course_channel_command.hpp,0
2282,233,UTMS/handlers.hpp,511
2283,273,src/CourseChannel.cpp,0
2284,195,src\is_it_show_course_post_command.cpp,0
2285,195,src\is_it_show_course_post_command.hpp,0
2286,195,src\show_course_post_command.hpp,1948
2287,195,src\FormSystem.hpp,444
2288,195,src\is_it_make_course_post_command_type_one.cpp,0
2289,159,incude/user.hpp,96
2290,159,src/user.cpp,35
2291,212,getCommand.cpp,758
2292,238,studentcourses.hpp,50
2293,204,includes\question_struct.hpp,660
2294,204,sources\question_struct.cpp,3705
2295,238,studentcourses.cpp,14
2296,238,notif.cpp,126
2297,204,includes\instruction_handler.hpp,1187
2298,195,asd.txt,0
2299,204,sources\student.cpp,66
2300,204,includes\student.hpp,0
2301,212,deleteCommand.cpp,698
2302,195,sampleOut.txt,0
2303,195,src\check_ta_form_args.cpp,0
2304,195,src\check_ta_form_args.hpp,0
2305,195,src\is_it_ta_form_command.hpp,0
2306,195,src\sort_ta_form_args.hpp,0
2307,195,src\ta_form_command.hpp,0
2308,195,src\get_professor_through_presented_course_id.hpp,0
2309,195,src\interface.cpp,0
2310,273,include/include.hpp,0
2311,261,UTMS/src/handler.cpp,268
2312,261,UTMS/src/main.cpp,172
2313,273,include/server.hpp,0
2314,204,sources\class.cpp,55
2315,182,ChannelPost.hpp,83
2316,273,utils/include.hpp,0
2317,182,ChannelPost.cpp,101
2318,273,server/server.hpp,0
2319,273,utils/response.hpp,0
2320,273,src/Notification.cpp,0
2321,75,include/UTserver.hpp,161
2322,273,include/template_parser.hpp,72
2323,273,include/response.hpp,21
2324,273,include/request.hpp,0
2325,273,src/handlers.cpp,23
2326,273,src/response.cpp,22
2327,261,UTMS/src/main2.cpp,800
2328,261,UTMS/src/handlers.cpp,0
2329,261,UTMS/src/response.cpp,11
2330,261,UTMS/src/strutils.cpp,0
2331,261,UTMS/src/utilities.cpp,22
2332,273,compiled.cpp,0
2333,261,UTMS/Headers/handlers.hpp,0
2334,261,UTMS/Headers/response.hpp,0
2335,261,UTMS/Headers/server.hpp,35
2336,261,UTMS/Headers/template_parser.hpp,12
2337,261,UTMS/Headers/request.hpp,0
2338,261,UTMS/src/request.cpp,11
2339,212,putCommand.cpp,363
2340,273,code/src/Handle.cpp,912
2341,273,code/include/University.hpp,267
2342,164,source/handlers.cpp,8061
2343,273,code/include/Cloud.hpp,0
2344,199,Channel.cpp,0
2345,75,compiled.cpp,31
2346,75,APHTTP/compiled.cpp,35
2347,75,APHTTP/examples/UTserver.cpp,0
2348,75,APHTTP/examples/main.cpp,6
2349,75,APHTTP/utils/template_parser.hpp,27
2350,75,include/serverHandler.hpp,48
2351,75,APHTTP/utils/response.cpp,4
2352,75,include/serverHandlers.hpp,184
2353,273,code/include/People.hpp,139
2354,242,src/IOHandler.cpp,51
2355,242,include/IOHandler.hpp,9
2356,75,APHTTP/examples/handlers.cpp,0
2357,164,headers/handlers.hpp,1040
2358,164,headers/include.hpp,0
2359,273,code/include/DynamicHTML.hpp,1171
2360,164,source/main2.cpp,51
2361,273,code/src/Cloud.cpp,96
2362,273,code/src/Post.cpp,7
2363,273,code/include/Post.hpp,0
2364,273,code/src/People.cpp,95
2365,242,example/System.cpp,0
2366,242,example/handlers.cpp,1
2367,242,example/main.cpp,2
2368,259,static/er_style.css,98
2369,159,src/fatz.cpp,255
2370,205,examples/handlers.hpp,328
2371,205,examples/handlers.cpp,7866
2372,249,aphttp/examples/main.cpp,22
2373,166,html.hpp,1195
2374,205,ap12/examples/main.cpp,2
2375,249,examples/main.cpp,225
2376,205,examples/main.cpp,418
2377,205,src/main.cpp,0
2378,249,examples/handlers.cpp,0
2379,252,include/handler.hpp,697
2380,242,server/route.cpp,0
2381,242,static/sendPost.html,164
2382,283,src/server.cpp,22
2383,283,src/route.cpp,0
2384,283,include/route.hpp,9
2385,283,include/server.hpp,36
2386,283,src/template_parser.cpp,0
2387,283,include/respones.hpp,0
2388,283,include/include.hpp,20
2389,283,src/request.cpp,0
2390,283,include/request.hpp,0
2391,283,src/respones.cpp,11
2392,283,src/strutil.cpp,1761
2393,283,include/strutils.hpp,0
2394,283,include/template_parser.hpp,28
2395,283,include/utilities.hpp,656
2396,283,src/utilities.cpp,0
2397,222,examples/main.cpp,15
2398,222,server/route.cpp,0
2399,283,include/response.hpp,0
2400,283,include/handlers.hpp,131
2401,249,src/handlers.cpp,12917
2402,205,src/system.cpp,14462
2403,273,code/include/Global.hpp,1200
2404,248,src/UTMS.cpp,1755
2405,273,code/src/Student.cpp,54
2406,248,src/main.cpp,1267
2407,223,src/main.cpp,760
2408,222,src/handlers.cpp,11563
2409,223,src/handlers.cpp,1353
2410,154,includes/handlers.hpp,340
2411,248,src/Course.cpp,12
2412,273,code/src/UTAccount.cpp,0
2413,273,code/src/Professor.cpp,52
2414,248,src/Course_offer.cpp,0
2415,248,src/Notification.cpp,0
2416,248,src/TA_form.cpp,0
2417,248,src/handlers.cpp,26489
2418,222,server/server.hpp,143
2419,218,src/handlers.cpp,11142
2420,218,includes/handlers.hpp,2099
2421,222,include/handlers.hpp,947
2422,233,UTMS/handlers.cpp,13177
2423,273,teachers.csv,27
2424,233,UTMS/UTMS.cpp,580
2425,233,UTMS/view.cpp,0
2426,205,src/system.hpp,274
2427,222,styles/style.css,19
2428,164,source/response.cpp,0
2429,223,includes/handlers.hpp,445
2430,273,code/include/CourseOffer.hpp,0
2431,233,UTMS/main.cpp,121
2432,252,server/server.hpp,0
2433,252,utils/response.cpp,0
2434,252,utils/template_parser.hpp,0
2435,252,utils/utilities.hpp,0
2436,259,hdr/handle_all.hpp,1417
2437,233,UTMS/User.hpp,12
2438,233,UTMS/User.cpp,50
2439,259,src/handle_login.cpp,2570
2440,248,includes/handlers.hpp,300
2441,233,UTMS/Manager.cpp,240
2442,249,src/handlers.hpp,1138
2443,223,ncedProgramming/p7/3/A7-810100084_/main.cpp,4
2444,259,static/404.html,735
2445,223,ncedProgramming/p7/3/UTTAXI_/main.cpp,2
2446,233,UTMS/UTMS.hpp,47
2447,233,UTMS/Student.cpp,390
2448,233,UTMS/Professor.hpp,9
2449,233,UTMS/Student.hpp,0
2450,259,static/home.html,1955
2451,233,UTMS/Professor.cpp,287
2452,233,UTMS/Manager.hpp,0
2453,259,src/all_handle.cpp,3070
2454,259,static/login.html,1157
2455,259,src/home_page.cpp,0
2456,259,src/login.cpp,89
2457,242,static/home.html,285
2458,219,examples/generals.cpp,719
2459,154,src/UTMS.cpp,8658
2460,219,examples/users.cpp,5410
2461,219,examples/main.cpp,1064
2462,219,examples/course.cpp,1156
2463,219,examples/system.cpp,17998
2464,204,includes\terminalio.hpp,12
2465,219,main2.cpp,0
2466,219,examples/handlers.cpp,10185
2467,242,static/courseOfferStatic.html,586
2468,219,examples/handlers.hpp,747
2469,183,src/hpp/handlers.hpp,23
2470,183,src/cpp/main.cpp,465
2471,183,src/cpp/handlers.cpp,61
2472,183,cpp/main.cpp,520
2473,183,hpp/handlers.hpp,663
2474,183,cpp/handlers.cpp,10533
2475,269,handlers.hpp,871
2476,222,template/home.html,4215
2477,222,static/login.html,4278
2478,49,core/utms.cpp,7142
2479,269,APHTTP/utils/utilities.cpp,0
2480,269,APHTTP/examples/handlers.cpp,8
2481,240,src/handler.cpp,1674
2482,212,userPosts.hpp,154
2483,259,static/style.css,1739
2484,212,userPosts.cpp,89
2485,259,static/index.html,265
2486,259,static/styles.css,0
2487,154,src/Admin.cpp,0
2488,154,src/handlers.cpp,14936
2489,154,src/main.cpp,560
2490,154,src/CourseOffer.cpp,617
2491,222,static/music.html,2853
2492,269,APHTTP/examples/main.cpp,0
2493,154,includes/UTMS.hpp,234
2494,248,includes/IO_HANDLER.hpp,980
2495,259,static/403.html,39
2496,259,static/homepage.html,107
2497,219,examples/system.hpp,1223
2498,259,static/homepagetemp.html,416
2499,248,src/Student.cpp,87
2500,240,header/webHandler.hpp,2016
2501,219,examples/users.hpp,1526
2502,222,static/logincss.html,1293
2503,267,server/server.cpp,0
2504,259,src/handle_logout.cpp,29
2505,259,src/handle_homepage.cpp,554
2506,259,static/send_post.html,179
2507,229,UTMS_server/utils/request.hpp,918
2508,222,t.cpp,991
2509,259,static/profile_picture.html,600
2510,259,src/handle_all.cpp,1557
2511,83,utms/RequestHandler.cpp,18443
2512,49,core/utms.hpp,288
2513,49,src/core/utms.cpp,4169
2514,240,src/webHandler.cpp,9003
2515,83,utms/AppProfile.cpp,683
2516,229,UTMS_server/utils/response.hpp,470
2517,229,UTMS_server/utils/utilities.cpp,4517
2518,267,examples/handlers.cpp,5024
2519,49,src/core/handlers.cpp,10852
2520,267,examples/system.cpp,895
2521,255,cpp/Handlers.cpp,13308
2522,229,UTMS_server/server/server.cpp,12178
2523,49,core/prof.hpp,25
2524,198,Handler.cpp,9150
2525,229,UTMS_server/handlers.hpp,102
2526,49,core/main.cpp,0
2527,49,core/course.hpp,233
2528,49,core/user.hpp,256
2529,83,utms/RequestHandler.hpp,1315
2530,181,src/handlers.cpp,12285
2531,255,hpp/Handlers.hpp,1460
2532,222,template/search_personal_page.html,2214
2533,169,src/handlers.cpp,13263
2534,49,core/student.hpp,0
2535,222,template/delete_course.html,58
2536,227,src/handlers.cpp,24347
2537,167,src/handlers.cpp,10781
2538,184,server/server.cpp,15202
2539,259,static/loginstyle.css,291
2540,267,examples/system.hpp,36
2541,49,core/handlers.hpp,300
2542,229,UTMS_server/server/server.hpp,706
2543,229,UTMS_system/source/fileReader.cpp,9867
2544,83,utms/Iohandler.hpp,199
2545,49,core/handlers.cpp,497
2546,205,src/person.hpp,114
2547,267,examples/main.cpp,336
2548,77,server/route.hpp,35
2549,83,utms/Iohandler.cpp,3497
2550,83,utms/Person.cpp,2802
2551,267,examples/handlers.hpp,278
2552,250,cppFiles/handlers.cpp,9471
2553,205,src/course.cpp,164
2554,49,src/core/admin.hpp,57
2555,205,src/course.hpp,5
2556,150,examples/system.cpp,6251
2557,219,examples/generals.hpp,331
2558,205,src/channel.cpp,0
2559,49,src/core/handlers.hpp,164
2560,162,strutils.cpp,0
2561,162,strutils.hpp,0
2562,248,includes/Student.hpp,44
2563,77,Inc/route.hpp,0
2564,212,taForm.hpp,107
2565,229,UTMS_server/server/route.hpp,359
2566,229,UTMS_server/utils/utilities.hpp,904
2567,229,UTMS_server/utils/include.hpp,62
2568,229,UTMS_system/Core/UTMS.hpp,26
2569,267,examples/Persons.hpp,26
2570,49,src/core/student.hpp,94
2571,49,src/core/prof.hpp,68
2572,229,UTMS_system/Core/UTMS.cpp,259
2573,167,static/profile_photo.html,239
2574,83,utms/UTMS.hpp,0
2575,83,utms/UTMS.cpp,367
2576,83,utms/Defs.hpp,27
2577,49,core/admin.cpp,18
2578,49,core/course.cpp,470
2579,83,utms/main.cpp,711
2580,49,core/prof.cpp,971
2581,49,core/student.cpp,0
2582,49,core/user.cpp,21
2583,240,header/handler.hpp,137
2584,222,static/home.html,303
2585,229,meServer.hpp,32
2586,229,meServer.cpp,16
2587,229,UTMS_server/utils/template_parser.hpp,1286
2588,167,static/send_post.html,794
2589,83,utms/AppProfile.hpp,77
2590,222,template/my_courses.html,1868
2591,83,utms/Person.hpp,27
2592,227,examples/handlers.hpp,1
2593,255,hpp/RequestForm.hpp,4
2594,219,examples/course.hpp,190
2595,227,examples/handlers.cpp,75
2596,259,src/hanle_find_user.cpp,880
2597,49,src/core/student.cpp,684
2598,49,src/core/defs.hpp,334
2599,49,src/core/prof.cpp,631
2600,49,src/core/user.cpp,681
2601,49,src/core/user.hpp,41
2602,230,include/handlers.hpp,2669
2603,227,include/handlers.hpp,915
2604,184,server/server.hpp,247
2605,49,src/core/utms.hpp,155
2606,255,APHTTP-v1.0.2/utils/request.hpp,1
2607,255,hpp/Time.hpp,0
2608,255,cpp/RequestForm.cpp,4
2609,212,taForm.cpp,428
2610,255,.vscode/c_cpp_properties.json,44
2611,77,Inc/handlers.hpp,0
2612,77,Inc/response.hpp,0
2613,77,Inc/template_parser.hpp,0
2614,77,Inc/server.hpp,27
2615,227,include/error.hpp,62
2616,77,Src/server.cpp,9
2617,167,header/handlers.hpp,397
2618,167,src/system.cpp,1131
2619,222,template/send_post.html,997
2620,255,hpp/server.hpp,12
2621,242,static/findPersonalPage.html,189
2622,255,hpp/response.hpp,0
2623,255,hpp/route.hpp,0
2624,255,hpp/template_parser.hpp,18
2625,255,cpp/server.cpp,0
2626,162,route.hpp,0
2627,162,server.hpp,0
2628,49,src/core/course.hpp,26
2629,49,src/core/course.cpp,221
2630,248,includes/nlohmann/json.hpp,76
2631,167,static/home.html,3558
2632,167,template/personal_page.html,495
2633,261,src/handlers.cpp,10
2634,229,UTMS_system/include/Major.hpp,38
2635,259,hdr/handle_all_offered.hpp,464
2636,259,src/handle_all_offered.cpp,4196
2637,222,template/send_post copy.html,207
2638,218,server/server.cpp,145
2639,248,includes/UTMS.hpp,85
2640,167,header/system.hpp,72
2641,242,static/notFound.html,28
2642,267,src/system.cpp,2371
2643,179,examples/handlers.cpp,300
2644,267,src/handlers.cpp,6690
2645,259,src/handle_take_course.cpp,195
2646,222,template/personal_page.html,2885
2647,229,UTMS_system/Core/fileReader.cpp,806
2648,229,UTMS_server/server/route.cpp,383
2649,259,hdr/handle_login.hpp,172
2650,259,hdr/handle_take_course.hpp,265
2651,49,src/core/admin.cpp,303
2652,179,examples/handlers.hpp,173
2653,259,hdr/handle_logout.hpp,0
2654,267,src/Persons.cpp,503
2655,222,template/course_offer.html,618
2656,255,compiled.cpp,0
2657,162,server.cpp,18
2658,162,utilities.cpp,0
2659,162,utilities.hpp,0
2660,247,cpp/handlers.cpp,14491
2661,49,src/utils/template_parser.hpp,0
2662,250,headers/handlers.hpp,1636
2663,49,src/core/main.cpp,230
2664,229,UTMS_system/Core/fileReader.hpp,300
2665,222,template/register_course.html,132
2666,242,static/profilePage.html,247
2667,229,UTMS_system/source/Channel.cpp,8
2668,229,UTMS_system/include/Time.hpp,25
2669,229,UTMS_system/source/Errors.cpp,0
2670,229,UTMS_system/source/Major.cpp,0
2671,229,UTMS_system/source/OfferedCourse.cpp,70
2672,229,UTMS_system/source/Post.cpp,0
2673,229,UTMS_system/source/Professor.cpp,9
2674,229,UTMS_system/source/User.cpp,2869
2675,229,UTMS_system/include/User.hpp,888
2676,229,UTMS_system/include/Student.hpp,0
2677,229,UTMS_system/include/Professor.hpp,0
2678,229,UTMS_system/include/Post.hpp,0
2679,229,UTMS_system/include/fileReader.hpp,165
2680,229,UTMS_system/include/OfferedCourse.hpp,51
2681,229,UTMS_system/include/Channel.hpp,0
2682,229,UTMS_system/include/Course.hpp,0
2683,229,UTMS_system/source/UTMS.cpp,818
2684,229,UTMS_system/include/UTMS.hpp,53
2685,229,UTMS_system/source/Cloud.cpp,0
2686,229,UTMS_system/include/Setting.hpp,0
2687,259,static/no_courses_error.html,150
2688,205,src/generalfunctions.hpp,21
2689,167,template/main_page.html,438
2690,167,static/search_user.html,883
2691,181,header/handler_const.hpp,2143
2692,242,static/addCourseOffer.html,1083
2693,169,header/regular_user.hpp,32
2694,248,includes/nlohmann/json_fwd.hpp,0
2695,248,includes/nlohmann/adl_serializer.hpp,0
2696,259,hdr/hanlde_my_courses.hpp,497
2697,222,template/set_profile.html,237
2698,259,hdr/request_handler_valid.hpp,95
2699,283,src/handlers.cpp,3899
2700,259,src/request_handler_valid.cpp,133
2701,167,static/take_course.html,427
2702,255,APHTTP-v1.0.2/examples/main.cpp,14
2703,259,src/handle_send_post.cpp,2019
2704,242,static/logincss.html,254
2705,229,UTMS_system/source/Date.cpp,23
2706,229,UTMS_system/include/Date.hpp,0
2707,229,UTMS_system/source/Time.cpp,0
2708,181,header/handlers.hpp,1626
2709,259,src/handle_post.cpp,181
2710,259,src/handle_profile_picture.cpp,1526
2711,229,UTMS_server/utils/request.cpp,4578
2712,259,hdr/handle_homepage.hpp,234
2713,229,UTMS_server/utils/response.cpp,2425
2714,259,src/handler_requirement.cpp,504
2715,242,static/PermissionDenied.html,83
2716,250,headers/include.hpp,0
2717,229,UTMS_server/utils/template_parser.cpp,2886
2718,250,headers/response.hpp,0
2719,250,headers/route.hpp,0
2720,250,headers/server.hpp,0
2721,250,headers/template_parser.hpp,0
2722,250,headers/utilities.hpp,0
2723,250,cppFiles/server.cpp,54
2724,250,headers/strutils.hpp,0
2725,167,static/login.html,342
2726,250,cppFiles/main2.cpp,0
2727,167,static/remove_course.html,427
2728,167,template/view_taken_courses.html,567
2729,181,files/utils/utilitie.cpp,0
2730,181,files/utils/template_parser.hpp,0
2731,181,files/utils/response.hpp,0
2732,181,files/utils/request.hpp,0
2733,181,files/server/server.cpp,0
2734,250,cppFiles/response.cpp,0
2735,230,course.hpp,23
2736,259,static/temp-html.html,29
2737,230,student.hpp,4
2738,230,users.cpp,0
2739,167,static/offer_course.html,795
2740,229,UTMS_server/handler.hpp,73
2741,259,hdr/handle_offer_course.hpp,451
2742,77,Src/handlers.cpp,0
2743,181,utils/response.hpp,1
2744,181,utils/template_parser.hpp,13
2745,181,compiled.cpp,1
2746,181,utils/utilities.cpp,0
2747,181,server/server.cpp,764
2748,181,utils/request.hpp,0
2749,154,includes/globalStuff.hpp,7
2750,181,server/server.hpp,404
2751,259,hdr/handle_send_post.hpp,431
2752,167,template/view_courses.html,426
2753,267,src/Persons.hpp,27
2754,267,src/handlers.hpp,172
2755,267,src/main.cpp,69
2756,259,hdr/handle_profile_picture.hpp,485
2757,267,src/system.hpp,47
2758,259,hdr/handle_find_personal_page.hpp,318
2759,259,hdr/all_handlers.hpp,97
2760,259,hdr/handler_requirement.hpp,991
2761,154,src/User.cpp,0
2762,259,src/hanle_find_personal_page.cpp,282
2763,222,template/course_offers.html,2710
2764,259,src/handle_course_offer.cpp,1841
2765,259,static/400.html,18
2766,222,test.html,3085
2767,259,src/handle_offer_course.cpp,107
2768,259,hdr/handle_course_take.hpp,0
2769,259,hdr/handle_remove_course.hpp,47
2770,259,src/handle_remove_course.cpp,111
2771,230,src/handlers.cpp,6919
2772,247,hpp/handlers.hpp,1076
2773,167,static/404.html,0
2774,259,src/handle_my_courses.cpp,822
2775,181,src/server_handlers.cpp,1496
2776,184,src/Courses.cpp,208
2777,229,UTMS_system/source/AlgorithmicFunctions.cpp,388
2778,242,static/error.html,605
2779,255,hpp/Defult.hpp,11
2780,242,static/RegisterCourse.html,468
2781,242,static/badRequest.html,0
2782,250,compiled.cpp,13
2783,250,cppFiles/template_parser.cpp,0
2784,181,src/server_handlers .cpp,0
2785,229,UTMS_server/handlers.cpp,140
2786,83,utms/Student.cpp,1117
2787,83,utms/Professor.cpp,835
2788,150,examples/handlers.cpp,5820
2789,242,static/Empty.html,33
2790,242,static/deleteRegistery.html,111
2791,199,examples/handlers.cpp,17
2792,150,examples/handlers.hpp,1991
2793,150,server/server.hpp,0
2794,150,examples/main.cpp,399
2795,232,server\server.hpp,0
2796,232,server\UploadHandler.cpp,0
2797,232,server\route.cpp,293
2798,150,examples/system.hpp,74
2799,198,Handler.hpp,492
2800,199,examples/main.cpp,3
2801,232,server\route.hpp,296
2802,232,server\server.cpp,6651
2803,232,server\mapserverpaths.hpp,0
2804,232,server\showpage.hpp,107
2805,232,server\ShowImage.cpp,0
2806,232,server\ShowImage.hpp,0
2807,232,server\RandomNumberHandler.hpp,0
2808,232,server\ColorHandler.cpp,0
2809,232,server\RandomNumberHandler.cpp,0
2810,232,server\LoginHandler.hpp,0
2811,232,server\LoginHandler.cpp,0
2812,229,UTMS_system/include/Errors.hpp,182
2813,232,server\UploadHandler.hpp,0
2814,232,server\ColorHandler.hpp,0
2815,232,server\ShowFile.hpp,0
2816,169,header/handlers.hpp,2285
2817,181,src/all_error.cpp,669
2818,150,examples/post.hpp,0
2819,150,examples/general.hpp,65
2820,150,examples/user.hpp,24
2821,150,examples/student.cpp,318
2822,150,examples/student.hpp,26
2823,232,server\handlers.hpp,0
2824,169,src/main.cpp,234
2825,242,utils/request.hpp,0
2826,169,server/server.cpp,0
2827,181,header/server_handlers.hpp,633
2828,218,src/common_handlers.cpp,3244
2829,218,src/student_handlers.cpp,3906
2830,218,src/admin_handlers.cpp,2133
2831,218,src/read_and_check_functions.cpp,0
2832,218,includes/common_handlers.hpp,1237
2833,198,logic/Student.hpp,33
2834,150,examples/command_handler.cpp,146
2835,150,examples/time.cpp,0
2836,150,examples/date.cpp,0
2837,150,examples/course_offer.cpp,175
2838,150,examples/course_offer.hpp,0
2839,150,examples/post.cpp,125
2840,150,examples/professor.hpp,0
2841,198,logic/System.hpp,36
2842,198,logic/System.cpp,517
2843,198,utils/utilities.cpp,0
2844,198,logic/Person.hpp,41
2845,198,logic/Professor.hpp,0
2846,198,logic/Post.hpp,0
2847,169,src/funcs.cpp,918
2848,169,header/channel_post.hpp,13
2849,198,logic/Person.cpp,0
2850,198,logic/Presentation.hpp,71
2851,198,logic/Presentation.cpp,156
