user_id,snapshots,stub_ratio_early,call_before_def,mean_impl_lag,breadth_25,main_first,topdown_score
7,1,0.0,0.0,0.0,1.0,0,0.2
49,4421,0.279,0.181,26.67,0.385,1,0.569
75,5329,0.245,0.001,53.47,0.197,1,0.488
77,3138,0.549,0.014,133.9,0.335,1,0.58
83,1232,0.438,0.002,28.39,0.711,0,0.43
142,2,1.0,0.0,0.0,1.0,0,0.4
143,20,0.946,0.0,4.0,0.355,0,0.34
145,91,0.487,0.049,1.32,0.86,1,0.506
146,13,0.778,1.0,0.67,0.544,0,0.478
148,1,1.0,0.0,0.0,1.0,0,0.4
150,3490,0.18,0.001,40.75,0.409,1,0.518
154,2669,0.198,0.0,39.69,0.359,1,0.512
159,569,0.26,0.002,19.35,0.467,1,0.546
160,2943,0.242,0.124,34.62,0.262,1,0.526
162,39,0.267,0.085,0.28,0.556,1,0.387
163,1008,0.465,0.004,56.44,0.26,1,0.546
164,2570,0.235,0.032,32.13,0.391,1,0.531
165,376,0.047,0.051,6.63,0.127,1,0.377
166,608,0.475,0.013,0.21,0.481,1,0.398
167,1788,0.178,0.009,21.32,0.414,1,0.52
169,1916,0.201,0.02,7.82,0.288,1,0.458
175,221,0.042,0.253,2.9,0.071,1,0.331
179,3190,0.171,0.001,65.6,0.4,0,0.314
180,1026,0.073,0.002,1.6,0.489,0,0.145
181,3604,0.171,0.022,11.75,0.265,1,0.492
182,1593,0.198,0.006,17.9,0.379,1,0.517
183,2566,0.228,0.011,60.09,0.458,1,0.539
184,2361,0.332,0.002,19.33,0.281,1,0.523
189,2729,0.138,0.005,36.37,0.365,1,0.501
191,2285,0.373,0.002,31.77,0.49,1,0.573
195,3337,0.055,0.022,3.05,0.281,1,0.332
198,1708,0.249,0.019,9.35,0.306,1,0.502
199,1003,0.276,0.002,25.93,0.207,1,0.497
204,925,0.178,0.093,3.41,0.3,1,0.382
205,2424,0.181,0.016,34.77,0.251,1,0.49
212,2154,0.242,0.004,9.75,0.273,1,0.499
218,1982,0.31,0.049,54.86,0.277,1,0.527
219,1821,0.294,0.018,21.91,0.414,1,0.545
222,2993,0.228,0.008,40.32,0.328,1,0.513
223,2077,0.467,0.058,29.53,0.287,1,0.562
227,2298,0.292,0.001,27.95,0.556,1,0.57
229,4074,0.395,0.096,65.23,0.232,1,0.545
230,873,0.052,0.008,3.34,0.514,0,0.182
231,1002,0.036,0.06,12.18,0.573,1,0.534
232,354,0.279,0.092,4.47,0.283,1,0.42
233,2525,0.292,0.001,37.67,0.337,1,0.526
234,166,0.439,0.048,1.03,0.595,1,0.437
238,3487,0.094,0.09,34.48,0.289,1,0.495
240,2560,0.112,0.002,2.74,0.356,1,0.349
242,3415,0.279,0.001,86.94,0.481,1,0.552
243,70,0.6,0.0,1.83,0.444,1,0.446
245,876,0.191,0.009,0.9,0.419,1,0.342
247,1749,0.362,0.009,19.17,0.413,1,0.557
248,5202,0.19,0.006,11.72,0.382,1,0.516
249,1868,0.101,0.221,25.19,0.288,1,0.522
250,2278,0.077,0.001,9.79,0.208,1,0.453
252,5361,0.158,0.003,16.78,0.106,1,0.453
255,2077,0.125,0.004,17.05,0.35,1,0.496
259,3067,0.334,0.189,56.84,0.357,1,0.576
261,1339,0.111,0.009,1.61,0.278,1,0.312
262,1040,0.089,0.012,12.93,0.281,1,0.476
267,2342,0.187,0.016,4.03,0.306,1,0.382
269,2257,0.198,0.06,9.99,0.431,1,0.538
273,3619,0.214,0.022,59.28,0.459,1,0.539
279,1157,0.251,0.099,14.86,0.382,1,0.546
281,444,0.131,0.0,27.44,0.304,1,0.487
283,2039,0.256,0.005,8.64,0.197,1,0.465
284,2014,0.284,0.005,12.21,0.3,1,0.518
